SET FOREIGN_KEY_CHECKS = 0; 
-- HOMEWORK 1

#
# TABLE STRUCTURE FOR: khachhang
#

DROP TABLE IF EXISTS `khachhang`;

CREATE TABLE `khachhang` (
  `makh` varchar(40) CHARACTER SET utf8 NOT NULL,
  `hoten` varchar(40) CHARACTER SET utf8 DEFAULT NULL,
  `sdt` varchar(40) CHARACTER SET utf8 DEFAULT NULL,
  `coquan` varchar(40) CHARACTER SET utf8 DEFAULT NULL,
  PRIMARY KEY (`makh`)
) ENGINE=InnoDB DEFAULT CHARSET=utf8 COLLATE=utf8_unicode_ci;


#
# TABLE STRUCTURE FOR: nhachothue
#

DROP TABLE IF EXISTS `nhachothue`;

CREATE TABLE `nhachothue` (
  `manha` varchar(40) CHARACTER SET utf8 NOT NULL,
  `diachi` varchar(40) CHARACTER SET utf8 DEFAULT NULL,
  `giathue` int(11) DEFAULT NULL,
  `tenchunha` varchar(40) CHARACTER SET utf8 DEFAULT NULL,
  PRIMARY KEY (`manha`)
) ENGINE=InnoDB DEFAULT CHARSET=utf8 COLLATE=utf8_unicode_ci;



#
# TABLE STRUCTURE FOR: hopdong
#

DROP TABLE IF EXISTS `hopdong`;

CREATE TABLE `hopdong` (
  `makh` varchar(40) CHARACTER SET utf8 DEFAULT NULL,
  `manha` varchar(40) CHARACTER SET utf8 DEFAULT NULL,
  `ngaybatday` date DEFAULT NULL,
  `ngayketthuc` date DEFAULT NULL,
  KEY `makh` (`makh`),
  KEY `manha` (`manha`),
  CONSTRAINT `hopdong_ibfk_1` FOREIGN KEY (`makh`) REFERENCES `khachhang` (`makh`),
  CONSTRAINT `hopdong_ibfk_2` FOREIGN KEY (`manha`) REFERENCES `nhachothue` (`manha`)
) ENGINE=InnoDB DEFAULT CHARSET=utf8 COLLATE=utf8_unicode_ci;


INSERT INTO `khachhang` (`makh`, `hoten`, `sdt`, `coquan`) VALUES ('283e76b1-828d-3eed-9a80-e78122ceef3c', 'Jennyfer Lang', '859-025-0592x98095', 'Mueller Ltd');
INSERT INTO `khachhang` (`makh`, `hoten`, `sdt`, `coquan`) VALUES ('2a17474d-827a-3311-8c62-112e9757a9ea', 'Talon Morar', '(913)525-3401', 'Marvin Group');
INSERT INTO `khachhang` (`makh`, `hoten`, `sdt`, `coquan`) VALUES ('3144d66e-060a-33b8-849c-d362e105d4bd', 'Kobe Hegmann', '(981)998-3344x420', 'Daugherty-Parisian');
INSERT INTO `khachhang` (`makh`, `hoten`, `sdt`, `coquan`) VALUES ('51fd2906-1e88-3715-a762-2e5e63aed96c', 'Mr. Delaney Gleason II', '310.415.9425x8041', 'Littel, Hettinger and Crist');
INSERT INTO `khachhang` (`makh`, `hoten`, `sdt`, `coquan`) VALUES ('6ca0ecfc-1bca-393a-98d4-e4892808afe9', 'Prof. Kiarra Jenkins DDS', '095.812.0785x0271', 'Lowe, Haag and Nitzsche');
INSERT INTO `khachhang` (`makh`, `hoten`, `sdt`, `coquan`) VALUES ('9ec826de-d9ee-30ca-a20b-cb59909e7bf7', 'Sam Carter', '1-814-852-0717', 'Keeling PLC');
INSERT INTO `khachhang` (`makh`, `hoten`, `sdt`, `coquan`) VALUES ('a883b153-783e-398f-8e9c-a5eed8d65fa5', 'Amber Haag', '668.234.3752x7458', 'Murphy, D\'Amore and Hackett');
INSERT INTO `khachhang` (`makh`, `hoten`, `sdt`, `coquan`) VALUES ('d53fa7d4-aa9c-3d1d-8903-e74322baba20', 'Vada Dietrich', '1-104-705-5205x1503', 'Davis, Barton and Blanda');
INSERT INTO `khachhang` (`makh`, `hoten`, `sdt`, `coquan`) VALUES ('d8bf497c-66c2-3111-8263-1b9856c02186', 'Ethel Rohan', '1-977-181-3984x5639', 'Haag LLC');
INSERT INTO `khachhang` (`makh`, `hoten`, `sdt`, `coquan`) VALUES ('ddb3d622-dad8-3297-acac-beac1f7a94c6', 'Dr. Hans Walter', '(656)644-0217', 'VonRueden and Sons');



INSERT INTO `nhachothue` (`manha`, `diachi`, `giathue`, `tenchunha`) VALUES ('1fd2afd9-8177-33f9-8eec-1ee04cd019ae', 'Suite 775', 1937, 'Cody Franecki');
INSERT INTO `nhachothue` (`manha`, `diachi`, `giathue`, `tenchunha`) VALUES ('337c8528-fee9-300c-a69a-8a0b3dba4a52', 'Suite 317', 1949, 'Kenneth Schmeler IV');
INSERT INTO `nhachothue` (`manha`, `diachi`, `giathue`, `tenchunha`) VALUES ('7793987b-b73c-39ec-a19d-6fec892c1f29', 'Apt. 669', 1247, 'Hettie Wilderman');
INSERT INTO `nhachothue` (`manha`, `diachi`, `giathue`, `tenchunha`) VALUES ('806479f9-1976-37ec-a6f9-bd0ec66273ce', 'Apt. 765', 1240, 'Akeem Willms');
INSERT INTO `nhachothue` (`manha`, `diachi`, `giathue`, `tenchunha`) VALUES ('a034f875-c2bb-3c86-b9ff-5a4a6aa644fa', 'Suite 170', 1970, 'Alexandria Reichert');
INSERT INTO `nhachothue` (`manha`, `diachi`, `giathue`, `tenchunha`) VALUES ('a1f78c4b-b161-390d-85c5-880c4c5a043b', 'Apt. 850', 1798, 'Prof. Dee Emard Sr.');
INSERT INTO `nhachothue` (`manha`, `diachi`, `giathue`, `tenchunha`) VALUES ('a9ecb89b-b91d-380f-b429-a6b20335573c', 'Suite 139', 1638, 'Jovanny Miller');
INSERT INTO `nhachothue` (`manha`, `diachi`, `giathue`, `tenchunha`) VALUES ('c90965ad-a580-3905-9069-a904d3f7b15e', 'Suite 379', 1462, 'Jerald Ullrich');
INSERT INTO `nhachothue` (`manha`, `diachi`, `giathue`, `tenchunha`) VALUES ('eb684883-7dd3-3042-b536-4a67cbd45336', 'Apt. 768', 1982, 'Bo Jones Jr.');
INSERT INTO `nhachothue` (`manha`, `diachi`, `giathue`, `tenchunha`) VALUES ('ee0ee19f-9463-3cde-a884-f92a836afc97', 'Apt. 013', 1523, 'Jaron Schumm');



INSERT INTO `hopdong` (`makh`, `manha`, `ngaybatday`, `ngayketthuc`) VALUES ('283e76b1-828d-3eed-9a80-e78122ceef3c', '1fd2afd9-8177-33f9-8eec-1ee04cd019ae', '2019-10-25', '2016-01-21');
INSERT INTO `hopdong` (`makh`, `manha`, `ngaybatday`, `ngayketthuc`) VALUES ('2a17474d-827a-3311-8c62-112e9757a9ea', '337c8528-fee9-300c-a69a-8a0b3dba4a52', '1978-01-27', '1980-05-03');
INSERT INTO `hopdong` (`makh`, `manha`, `ngaybatday`, `ngayketthuc`) VALUES ('3144d66e-060a-33b8-849c-d362e105d4bd', '7793987b-b73c-39ec-a19d-6fec892c1f29', '2016-03-16', '2002-12-05');
INSERT INTO `hopdong` (`makh`, `manha`, `ngaybatday`, `ngayketthuc`) VALUES ('51fd2906-1e88-3715-a762-2e5e63aed96c', '806479f9-1976-37ec-a6f9-bd0ec66273ce', '2004-01-30', '2002-10-18');
INSERT INTO `hopdong` (`makh`, `manha`, `ngaybatday`, `ngayketthuc`) VALUES ('6ca0ecfc-1bca-393a-98d4-e4892808afe9', 'a034f875-c2bb-3c86-b9ff-5a4a6aa644fa', '2020-05-17', '2002-12-28');
INSERT INTO `hopdong` (`makh`, `manha`, `ngaybatday`, `ngayketthuc`) VALUES ('9ec826de-d9ee-30ca-a20b-cb59909e7bf7', 'a1f78c4b-b161-390d-85c5-880c4c5a043b', '1980-08-11', '2001-03-29');
INSERT INTO `hopdong` (`makh`, `manha`, `ngaybatday`, `ngayketthuc`) VALUES ('a883b153-783e-398f-8e9c-a5eed8d65fa5', 'a9ecb89b-b91d-380f-b429-a6b20335573c', '2015-06-01', '1980-08-27');
INSERT INTO `hopdong` (`makh`, `manha`, `ngaybatday`, `ngayketthuc`) VALUES ('d53fa7d4-aa9c-3d1d-8903-e74322baba20', 'c90965ad-a580-3905-9069-a904d3f7b15e', '1995-05-14', '1978-04-19');
INSERT INTO `hopdong` (`makh`, `manha`, `ngaybatday`, `ngayketthuc`) VALUES ('d8bf497c-66c2-3111-8263-1b9856c02186', 'eb684883-7dd3-3042-b536-4a67cbd45336', '1982-06-02', '2004-01-26');
INSERT INTO `hopdong` (`makh`, `manha`, `ngaybatday`, `ngayketthuc`) VALUES ('ddb3d622-dad8-3297-acac-beac1f7a94c6', 'ee0ee19f-9463-3cde-a884-f92a836afc97', '1984-03-18', '1981-09-25');
INSERT INTO `hopdong` (`makh`, `manha`, `ngaybatday`, `ngayketthuc`) VALUES ('283e76b1-828d-3eed-9a80-e78122ceef3c', '1fd2afd9-8177-33f9-8eec-1ee04cd019ae', '1986-11-13', '2011-11-03');
INSERT INTO `hopdong` (`makh`, `manha`, `ngaybatday`, `ngayketthuc`) VALUES ('2a17474d-827a-3311-8c62-112e9757a9ea', '337c8528-fee9-300c-a69a-8a0b3dba4a52', '1973-06-23', '2010-07-31');
INSERT INTO `hopdong` (`makh`, `manha`, `ngaybatday`, `ngayketthuc`) VALUES ('3144d66e-060a-33b8-849c-d362e105d4bd', '7793987b-b73c-39ec-a19d-6fec892c1f29', '2000-07-16', '2004-07-02');
INSERT INTO `hopdong` (`makh`, `manha`, `ngaybatday`, `ngayketthuc`) VALUES ('51fd2906-1e88-3715-a762-2e5e63aed96c', '806479f9-1976-37ec-a6f9-bd0ec66273ce', '1993-04-12', '2009-02-16');
INSERT INTO `hopdong` (`makh`, `manha`, `ngaybatday`, `ngayketthuc`) VALUES ('6ca0ecfc-1bca-393a-98d4-e4892808afe9', 'a034f875-c2bb-3c86-b9ff-5a4a6aa644fa', '1979-11-08', '1996-07-22');
INSERT INTO `hopdong` (`makh`, `manha`, `ngaybatday`, `ngayketthuc`) VALUES ('9ec826de-d9ee-30ca-a20b-cb59909e7bf7', 'a1f78c4b-b161-390d-85c5-880c4c5a043b', '2001-09-27', '1981-10-28');
INSERT INTO `hopdong` (`makh`, `manha`, `ngaybatday`, `ngayketthuc`) VALUES ('a883b153-783e-398f-8e9c-a5eed8d65fa5', 'a9ecb89b-b91d-380f-b429-a6b20335573c', '2015-12-04', '2018-05-17');
INSERT INTO `hopdong` (`makh`, `manha`, `ngaybatday`, `ngayketthuc`) VALUES ('d53fa7d4-aa9c-3d1d-8903-e74322baba20', 'c90965ad-a580-3905-9069-a904d3f7b15e', '2000-12-28', '1979-12-03');
INSERT INTO `hopdong` (`makh`, `manha`, `ngaybatday`, `ngayketthuc`) VALUES ('d8bf497c-66c2-3111-8263-1b9856c02186', 'eb684883-7dd3-3042-b536-4a67cbd45336', '1984-05-09', '1994-10-12');
INSERT INTO `hopdong` (`makh`, `manha`, `ngaybatday`, `ngayketthuc`) VALUES ('ddb3d622-dad8-3297-acac-beac1f7a94c6', 'ee0ee19f-9463-3cde-a884-f92a836afc97', '1985-07-31', '1984-09-25');
INSERT INTO `hopdong` (`makh`, `manha`, `ngaybatday`, `ngayketthuc`) VALUES ('283e76b1-828d-3eed-9a80-e78122ceef3c', '1fd2afd9-8177-33f9-8eec-1ee04cd019ae', '2009-05-29', '2002-02-26');
INSERT INTO `hopdong` (`makh`, `manha`, `ngaybatday`, `ngayketthuc`) VALUES ('2a17474d-827a-3311-8c62-112e9757a9ea', '337c8528-fee9-300c-a69a-8a0b3dba4a52', '1980-05-10', '1982-07-17');
INSERT INTO `hopdong` (`makh`, `manha`, `ngaybatday`, `ngayketthuc`) VALUES ('3144d66e-060a-33b8-849c-d362e105d4bd', '7793987b-b73c-39ec-a19d-6fec892c1f29', '2015-09-29', '2002-06-13');
INSERT INTO `hopdong` (`makh`, `manha`, `ngaybatday`, `ngayketthuc`) VALUES ('51fd2906-1e88-3715-a762-2e5e63aed96c', '806479f9-1976-37ec-a6f9-bd0ec66273ce', '2007-07-06', '2009-07-09');
INSERT INTO `hopdong` (`makh`, `manha`, `ngaybatday`, `ngayketthuc`) VALUES ('6ca0ecfc-1bca-393a-98d4-e4892808afe9', 'a034f875-c2bb-3c86-b9ff-5a4a6aa644fa', '2017-05-04', '2002-06-18');
INSERT INTO `hopdong` (`makh`, `manha`, `ngaybatday`, `ngayketthuc`) VALUES ('9ec826de-d9ee-30ca-a20b-cb59909e7bf7', 'a1f78c4b-b161-390d-85c5-880c4c5a043b', '2018-10-13', '2019-08-15');
INSERT INTO `hopdong` (`makh`, `manha`, `ngaybatday`, `ngayketthuc`) VALUES ('a883b153-783e-398f-8e9c-a5eed8d65fa5', 'a9ecb89b-b91d-380f-b429-a6b20335573c', '1997-11-28', '1998-12-16');
INSERT INTO `hopdong` (`makh`, `manha`, `ngaybatday`, `ngayketthuc`) VALUES ('d53fa7d4-aa9c-3d1d-8903-e74322baba20', 'c90965ad-a580-3905-9069-a904d3f7b15e', '1997-02-28', '1994-04-26');
INSERT INTO `hopdong` (`makh`, `manha`, `ngaybatday`, `ngayketthuc`) VALUES ('d8bf497c-66c2-3111-8263-1b9856c02186', 'eb684883-7dd3-3042-b536-4a67cbd45336', '2002-06-03', '1983-10-09');
INSERT INTO `hopdong` (`makh`, `manha`, `ngaybatday`, `ngayketthuc`) VALUES ('ddb3d622-dad8-3297-acac-beac1f7a94c6', 'ee0ee19f-9463-3cde-a884-f92a836afc97', '1978-01-22', '2007-10-23');
INSERT INTO `hopdong` (`makh`, `manha`, `ngaybatday`, `ngayketthuc`) VALUES ('283e76b1-828d-3eed-9a80-e78122ceef3c', '1fd2afd9-8177-33f9-8eec-1ee04cd019ae', '1972-11-06', '1992-11-19');
INSERT INTO `hopdong` (`makh`, `manha`, `ngaybatday`, `ngayketthuc`) VALUES ('2a17474d-827a-3311-8c62-112e9757a9ea', '337c8528-fee9-300c-a69a-8a0b3dba4a52', '1985-04-12', '2005-05-07');
INSERT INTO `hopdong` (`makh`, `manha`, `ngaybatday`, `ngayketthuc`) VALUES ('3144d66e-060a-33b8-849c-d362e105d4bd', '7793987b-b73c-39ec-a19d-6fec892c1f29', '1982-07-13', '1977-02-12');
INSERT INTO `hopdong` (`makh`, `manha`, `ngaybatday`, `ngayketthuc`) VALUES ('51fd2906-1e88-3715-a762-2e5e63aed96c', '806479f9-1976-37ec-a6f9-bd0ec66273ce', '1992-04-03', '2009-03-19');
INSERT INTO `hopdong` (`makh`, `manha`, `ngaybatday`, `ngayketthuc`) VALUES ('6ca0ecfc-1bca-393a-98d4-e4892808afe9', 'a034f875-c2bb-3c86-b9ff-5a4a6aa644fa', '2004-10-30', '1985-05-20');
INSERT INTO `hopdong` (`makh`, `manha`, `ngaybatday`, `ngayketthuc`) VALUES ('9ec826de-d9ee-30ca-a20b-cb59909e7bf7', 'a1f78c4b-b161-390d-85c5-880c4c5a043b', '1983-01-22', '2019-06-24');
INSERT INTO `hopdong` (`makh`, `manha`, `ngaybatday`, `ngayketthuc`) VALUES ('a883b153-783e-398f-8e9c-a5eed8d65fa5', 'a9ecb89b-b91d-380f-b429-a6b20335573c', '1973-04-19', '2013-12-31');
INSERT INTO `hopdong` (`makh`, `manha`, `ngaybatday`, `ngayketthuc`) VALUES ('d53fa7d4-aa9c-3d1d-8903-e74322baba20', 'c90965ad-a580-3905-9069-a904d3f7b15e', '2000-08-18', '1982-07-29');
INSERT INTO `hopdong` (`makh`, `manha`, `ngaybatday`, `ngayketthuc`) VALUES ('d8bf497c-66c2-3111-8263-1b9856c02186', 'eb684883-7dd3-3042-b536-4a67cbd45336', '1977-01-08', '2019-04-23');
INSERT INTO `hopdong` (`makh`, `manha`, `ngaybatday`, `ngayketthuc`) VALUES ('ddb3d622-dad8-3297-acac-beac1f7a94c6', 'ee0ee19f-9463-3cde-a884-f92a836afc97', '2011-11-15', '1991-10-18');
INSERT INTO `hopdong` (`makh`, `manha`, `ngaybatday`, `ngayketthuc`) VALUES ('283e76b1-828d-3eed-9a80-e78122ceef3c', '1fd2afd9-8177-33f9-8eec-1ee04cd019ae', '2019-01-16', '1990-01-11');
INSERT INTO `hopdong` (`makh`, `manha`, `ngaybatday`, `ngayketthuc`) VALUES ('2a17474d-827a-3311-8c62-112e9757a9ea', '337c8528-fee9-300c-a69a-8a0b3dba4a52', '1999-06-01', '2017-06-20');
INSERT INTO `hopdong` (`makh`, `manha`, `ngaybatday`, `ngayketthuc`) VALUES ('3144d66e-060a-33b8-849c-d362e105d4bd', '7793987b-b73c-39ec-a19d-6fec892c1f29', '1988-02-28', '2009-06-19');
INSERT INTO `hopdong` (`makh`, `manha`, `ngaybatday`, `ngayketthuc`) VALUES ('51fd2906-1e88-3715-a762-2e5e63aed96c', '806479f9-1976-37ec-a6f9-bd0ec66273ce', '2011-08-25', '2009-06-23');
INSERT INTO `hopdong` (`makh`, `manha`, `ngaybatday`, `ngayketthuc`) VALUES ('6ca0ecfc-1bca-393a-98d4-e4892808afe9', 'a034f875-c2bb-3c86-b9ff-5a4a6aa644fa', '2006-06-25', '1997-04-12');
INSERT INTO `hopdong` (`makh`, `manha`, `ngaybatday`, `ngayketthuc`) VALUES ('9ec826de-d9ee-30ca-a20b-cb59909e7bf7', 'a1f78c4b-b161-390d-85c5-880c4c5a043b', '2005-03-24', '1973-02-01');
INSERT INTO `hopdong` (`makh`, `manha`, `ngaybatday`, `ngayketthuc`) VALUES ('a883b153-783e-398f-8e9c-a5eed8d65fa5', 'a9ecb89b-b91d-380f-b429-a6b20335573c', '1999-11-14', '1998-09-03');
INSERT INTO `hopdong` (`makh`, `manha`, `ngaybatday`, `ngayketthuc`) VALUES ('d53fa7d4-aa9c-3d1d-8903-e74322baba20', 'c90965ad-a580-3905-9069-a904d3f7b15e', '1996-01-12', '1988-05-23');
INSERT INTO `hopdong` (`makh`, `manha`, `ngaybatday`, `ngayketthuc`) VALUES ('d8bf497c-66c2-3111-8263-1b9856c02186', 'eb684883-7dd3-3042-b536-4a67cbd45336', '2015-09-04', '2008-06-08');
INSERT INTO `hopdong` (`makh`, `manha`, `ngaybatday`, `ngayketthuc`) VALUES ('ddb3d622-dad8-3297-acac-beac1f7a94c6', 'ee0ee19f-9463-3cde-a884-f92a836afc97', '1987-10-23', '1995-07-06');
INSERT INTO `hopdong` (`makh`, `manha`, `ngaybatday`, `ngayketthuc`) VALUES ('283e76b1-828d-3eed-9a80-e78122ceef3c', '1fd2afd9-8177-33f9-8eec-1ee04cd019ae', '2011-12-03', '2014-12-02');
INSERT INTO `hopdong` (`makh`, `manha`, `ngaybatday`, `ngayketthuc`) VALUES ('2a17474d-827a-3311-8c62-112e9757a9ea', '337c8528-fee9-300c-a69a-8a0b3dba4a52', '1994-03-27', '1981-10-17');
INSERT INTO `hopdong` (`makh`, `manha`, `ngaybatday`, `ngayketthuc`) VALUES ('3144d66e-060a-33b8-849c-d362e105d4bd', '7793987b-b73c-39ec-a19d-6fec892c1f29', '2010-04-21', '2005-02-26');
INSERT INTO `hopdong` (`makh`, `manha`, `ngaybatday`, `ngayketthuc`) VALUES ('51fd2906-1e88-3715-a762-2e5e63aed96c', '806479f9-1976-37ec-a6f9-bd0ec66273ce', '2002-09-24', '1996-05-08');
INSERT INTO `hopdong` (`makh`, `manha`, `ngaybatday`, `ngayketthuc`) VALUES ('6ca0ecfc-1bca-393a-98d4-e4892808afe9', 'a034f875-c2bb-3c86-b9ff-5a4a6aa644fa', '1988-07-13', '1996-07-09');
INSERT INTO `hopdong` (`makh`, `manha`, `ngaybatday`, `ngayketthuc`) VALUES ('9ec826de-d9ee-30ca-a20b-cb59909e7bf7', 'a1f78c4b-b161-390d-85c5-880c4c5a043b', '1981-01-16', '1989-09-17');
INSERT INTO `hopdong` (`makh`, `manha`, `ngaybatday`, `ngayketthuc`) VALUES ('a883b153-783e-398f-8e9c-a5eed8d65fa5', 'a9ecb89b-b91d-380f-b429-a6b20335573c', '1996-04-01', '1992-09-12');
INSERT INTO `hopdong` (`makh`, `manha`, `ngaybatday`, `ngayketthuc`) VALUES ('d53fa7d4-aa9c-3d1d-8903-e74322baba20', 'c90965ad-a580-3905-9069-a904d3f7b15e', '1979-01-06', '1998-10-30');
INSERT INTO `hopdong` (`makh`, `manha`, `ngaybatday`, `ngayketthuc`) VALUES ('d8bf497c-66c2-3111-8263-1b9856c02186', 'eb684883-7dd3-3042-b536-4a67cbd45336', '1979-09-17', '1986-09-12');
INSERT INTO `hopdong` (`makh`, `manha`, `ngaybatday`, `ngayketthuc`) VALUES ('ddb3d622-dad8-3297-acac-beac1f7a94c6', 'ee0ee19f-9463-3cde-a884-f92a836afc97', '1986-06-18', '2018-12-02');
INSERT INTO `hopdong` (`makh`, `manha`, `ngaybatday`, `ngayketthuc`) VALUES ('283e76b1-828d-3eed-9a80-e78122ceef3c', '1fd2afd9-8177-33f9-8eec-1ee04cd019ae', '2010-06-08', '1995-12-07');
INSERT INTO `hopdong` (`makh`, `manha`, `ngaybatday`, `ngayketthuc`) VALUES ('2a17474d-827a-3311-8c62-112e9757a9ea', '337c8528-fee9-300c-a69a-8a0b3dba4a52', '1988-02-07', '2003-03-07');
INSERT INTO `hopdong` (`makh`, `manha`, `ngaybatday`, `ngayketthuc`) VALUES ('3144d66e-060a-33b8-849c-d362e105d4bd', '7793987b-b73c-39ec-a19d-6fec892c1f29', '1982-04-12', '1985-06-04');
INSERT INTO `hopdong` (`makh`, `manha`, `ngaybatday`, `ngayketthuc`) VALUES ('51fd2906-1e88-3715-a762-2e5e63aed96c', '806479f9-1976-37ec-a6f9-bd0ec66273ce', '2012-06-28', '2016-01-15');
INSERT INTO `hopdong` (`makh`, `manha`, `ngaybatday`, `ngayketthuc`) VALUES ('6ca0ecfc-1bca-393a-98d4-e4892808afe9', 'a034f875-c2bb-3c86-b9ff-5a4a6aa644fa', '1972-12-08', '1981-10-22');
INSERT INTO `hopdong` (`makh`, `manha`, `ngaybatday`, `ngayketthuc`) VALUES ('9ec826de-d9ee-30ca-a20b-cb59909e7bf7', 'a1f78c4b-b161-390d-85c5-880c4c5a043b', '2003-05-17', '1999-03-23');
INSERT INTO `hopdong` (`makh`, `manha`, `ngaybatday`, `ngayketthuc`) VALUES ('a883b153-783e-398f-8e9c-a5eed8d65fa5', 'a9ecb89b-b91d-380f-b429-a6b20335573c', '1970-05-14', '1980-01-06');
INSERT INTO `hopdong` (`makh`, `manha`, `ngaybatday`, `ngayketthuc`) VALUES ('d53fa7d4-aa9c-3d1d-8903-e74322baba20', 'c90965ad-a580-3905-9069-a904d3f7b15e', '1985-02-14', '1992-04-19');
INSERT INTO `hopdong` (`makh`, `manha`, `ngaybatday`, `ngayketthuc`) VALUES ('d8bf497c-66c2-3111-8263-1b9856c02186', 'eb684883-7dd3-3042-b536-4a67cbd45336', '2014-02-14', '2019-11-22');
INSERT INTO `hopdong` (`makh`, `manha`, `ngaybatday`, `ngayketthuc`) VALUES ('ddb3d622-dad8-3297-acac-beac1f7a94c6', 'ee0ee19f-9463-3cde-a884-f92a836afc97', '1984-04-15', '1977-08-06');
INSERT INTO `hopdong` (`makh`, `manha`, `ngaybatday`, `ngayketthuc`) VALUES ('283e76b1-828d-3eed-9a80-e78122ceef3c', '1fd2afd9-8177-33f9-8eec-1ee04cd019ae', '2014-09-02', '1992-08-07');
INSERT INTO `hopdong` (`makh`, `manha`, `ngaybatday`, `ngayketthuc`) VALUES ('2a17474d-827a-3311-8c62-112e9757a9ea', '337c8528-fee9-300c-a69a-8a0b3dba4a52', '2014-07-15', '1972-12-13');
INSERT INTO `hopdong` (`makh`, `manha`, `ngaybatday`, `ngayketthuc`) VALUES ('3144d66e-060a-33b8-849c-d362e105d4bd', '7793987b-b73c-39ec-a19d-6fec892c1f29', '2013-05-11', '1972-11-15');
INSERT INTO `hopdong` (`makh`, `manha`, `ngaybatday`, `ngayketthuc`) VALUES ('51fd2906-1e88-3715-a762-2e5e63aed96c', '806479f9-1976-37ec-a6f9-bd0ec66273ce', '2008-08-26', '1993-12-01');
INSERT INTO `hopdong` (`makh`, `manha`, `ngaybatday`, `ngayketthuc`) VALUES ('6ca0ecfc-1bca-393a-98d4-e4892808afe9', 'a034f875-c2bb-3c86-b9ff-5a4a6aa644fa', '1998-05-30', '2006-11-11');
INSERT INTO `hopdong` (`makh`, `manha`, `ngaybatday`, `ngayketthuc`) VALUES ('9ec826de-d9ee-30ca-a20b-cb59909e7bf7', 'a1f78c4b-b161-390d-85c5-880c4c5a043b', '1993-01-27', '2005-09-25');
INSERT INTO `hopdong` (`makh`, `manha`, `ngaybatday`, `ngayketthuc`) VALUES ('a883b153-783e-398f-8e9c-a5eed8d65fa5', 'a9ecb89b-b91d-380f-b429-a6b20335573c', '2009-06-14', '1991-11-24');
INSERT INTO `hopdong` (`makh`, `manha`, `ngaybatday`, `ngayketthuc`) VALUES ('d53fa7d4-aa9c-3d1d-8903-e74322baba20', 'c90965ad-a580-3905-9069-a904d3f7b15e', '1979-05-09', '1997-10-18');
INSERT INTO `hopdong` (`makh`, `manha`, `ngaybatday`, `ngayketthuc`) VALUES ('d8bf497c-66c2-3111-8263-1b9856c02186', 'eb684883-7dd3-3042-b536-4a67cbd45336', '1979-03-10', '1977-01-28');
INSERT INTO `hopdong` (`makh`, `manha`, `ngaybatday`, `ngayketthuc`) VALUES ('ddb3d622-dad8-3297-acac-beac1f7a94c6', 'ee0ee19f-9463-3cde-a884-f92a836afc97', '2017-02-02', '1996-05-30');
INSERT INTO `hopdong` (`makh`, `manha`, `ngaybatday`, `ngayketthuc`) VALUES ('283e76b1-828d-3eed-9a80-e78122ceef3c', '1fd2afd9-8177-33f9-8eec-1ee04cd019ae', '1994-01-07', '1998-09-01');
INSERT INTO `hopdong` (`makh`, `manha`, `ngaybatday`, `ngayketthuc`) VALUES ('2a17474d-827a-3311-8c62-112e9757a9ea', '337c8528-fee9-300c-a69a-8a0b3dba4a52', '2001-03-21', '2016-07-15');
INSERT INTO `hopdong` (`makh`, `manha`, `ngaybatday`, `ngayketthuc`) VALUES ('3144d66e-060a-33b8-849c-d362e105d4bd', '7793987b-b73c-39ec-a19d-6fec892c1f29', '2003-05-15', '2020-06-10');
INSERT INTO `hopdong` (`makh`, `manha`, `ngaybatday`, `ngayketthuc`) VALUES ('51fd2906-1e88-3715-a762-2e5e63aed96c', '806479f9-1976-37ec-a6f9-bd0ec66273ce', '1997-07-28', '1977-12-23');
INSERT INTO `hopdong` (`makh`, `manha`, `ngaybatday`, `ngayketthuc`) VALUES ('6ca0ecfc-1bca-393a-98d4-e4892808afe9', 'a034f875-c2bb-3c86-b9ff-5a4a6aa644fa', '1994-12-27', '2017-06-30');
INSERT INTO `hopdong` (`makh`, `manha`, `ngaybatday`, `ngayketthuc`) VALUES ('9ec826de-d9ee-30ca-a20b-cb59909e7bf7', 'a1f78c4b-b161-390d-85c5-880c4c5a043b', '2007-07-25', '1998-01-22');
INSERT INTO `hopdong` (`makh`, `manha`, `ngaybatday`, `ngayketthuc`) VALUES ('a883b153-783e-398f-8e9c-a5eed8d65fa5', 'a9ecb89b-b91d-380f-b429-a6b20335573c', '1988-12-25', '1977-04-15');
INSERT INTO `hopdong` (`makh`, `manha`, `ngaybatday`, `ngayketthuc`) VALUES ('d53fa7d4-aa9c-3d1d-8903-e74322baba20', 'c90965ad-a580-3905-9069-a904d3f7b15e', '2019-01-29', '2011-01-26');
INSERT INTO `hopdong` (`makh`, `manha`, `ngaybatday`, `ngayketthuc`) VALUES ('d8bf497c-66c2-3111-8263-1b9856c02186', 'eb684883-7dd3-3042-b536-4a67cbd45336', '1983-01-06', '2015-03-20');
INSERT INTO `hopdong` (`makh`, `manha`, `ngaybatday`, `ngayketthuc`) VALUES ('ddb3d622-dad8-3297-acac-beac1f7a94c6', 'ee0ee19f-9463-3cde-a884-f92a836afc97', '2006-08-09', '2002-06-20');
INSERT INTO `hopdong` (`makh`, `manha`, `ngaybatday`, `ngayketthuc`) VALUES ('283e76b1-828d-3eed-9a80-e78122ceef3c', '1fd2afd9-8177-33f9-8eec-1ee04cd019ae', '1980-09-14', '2012-06-08');
INSERT INTO `hopdong` (`makh`, `manha`, `ngaybatday`, `ngayketthuc`) VALUES ('2a17474d-827a-3311-8c62-112e9757a9ea', '337c8528-fee9-300c-a69a-8a0b3dba4a52', '2012-03-24', '1988-01-07');
INSERT INTO `hopdong` (`makh`, `manha`, `ngaybatday`, `ngayketthuc`) VALUES ('3144d66e-060a-33b8-849c-d362e105d4bd', '7793987b-b73c-39ec-a19d-6fec892c1f29', '1990-10-23', '1998-03-27');
INSERT INTO `hopdong` (`makh`, `manha`, `ngaybatday`, `ngayketthuc`) VALUES ('51fd2906-1e88-3715-a762-2e5e63aed96c', '806479f9-1976-37ec-a6f9-bd0ec66273ce', '2004-12-25', '1989-09-20');
INSERT INTO `hopdong` (`makh`, `manha`, `ngaybatday`, `ngayketthuc`) VALUES ('6ca0ecfc-1bca-393a-98d4-e4892808afe9', 'a034f875-c2bb-3c86-b9ff-5a4a6aa644fa', '1985-09-04', '1996-01-22');
INSERT INTO `hopdong` (`makh`, `manha`, `ngaybatday`, `ngayketthuc`) VALUES ('9ec826de-d9ee-30ca-a20b-cb59909e7bf7', 'a1f78c4b-b161-390d-85c5-880c4c5a043b', '1976-05-06', '1985-08-24');
INSERT INTO `hopdong` (`makh`, `manha`, `ngaybatday`, `ngayketthuc`) VALUES ('a883b153-783e-398f-8e9c-a5eed8d65fa5', 'a9ecb89b-b91d-380f-b429-a6b20335573c', '1997-04-25', '1998-03-16');
INSERT INTO `hopdong` (`makh`, `manha`, `ngaybatday`, `ngayketthuc`) VALUES ('d53fa7d4-aa9c-3d1d-8903-e74322baba20', 'c90965ad-a580-3905-9069-a904d3f7b15e', '2002-02-11', '1992-09-21');
INSERT INTO `hopdong` (`makh`, `manha`, `ngaybatday`, `ngayketthuc`) VALUES ('d8bf497c-66c2-3111-8263-1b9856c02186', 'eb684883-7dd3-3042-b536-4a67cbd45336', '2004-12-31', '1987-07-17');
INSERT INTO `hopdong` (`makh`, `manha`, `ngaybatday`, `ngayketthuc`) VALUES ('ddb3d622-dad8-3297-acac-beac1f7a94c6', 'ee0ee19f-9463-3cde-a884-f92a836afc97', '2009-06-05', '1993-08-04');


 -- HOMEWORK 2
 
#
# TABLE STRUCTURE FOR: khach
#

DROP TABLE IF EXISTS `khach`;

CREATE TABLE `khach` (
  `makhach` varchar(40) CHARACTER SET utf8 NOT NULL,
  `hoten` varchar(40) CHARACTER SET utf8 DEFAULT NULL,
  `diachi` varchar(40) CHARACTER SET utf8 DEFAULT NULL,
  PRIMARY KEY (`makhach`)
) ENGINE=InnoDB DEFAULT CHARSET=utf8 COLLATE=utf8_unicode_ci;


#
# TABLE STRUCTURE FOR: khachsan
#

DROP TABLE IF EXISTS `khachsan`;

CREATE TABLE `khachsan` (
  `maks` varchar(40) CHARACTER SET utf8 NOT NULL,
  `tenks` varchar(40) CHARACTER SET utf8 DEFAULT NULL,
  `diachi` varchar(40) CHARACTER SET utf8 DEFAULT NULL,
  PRIMARY KEY (`maks`)
) ENGINE=InnoDB DEFAULT CHARSET=utf8 COLLATE=utf8_unicode_ci;



#
# TABLE STRUCTURE FOR: phong
#

DROP TABLE IF EXISTS `phong`;

CREATE TABLE `phong` (
  `sop` varchar(40) CHARACTER SET utf8 NOT NULL,
  `maks` varchar(40) CHARACTER SET utf8 NOT NULL,
  `loaip` varchar(40) CHARACTER SET utf8 DEFAULT NULL,
  `gia` int(11) DEFAULT NULL,
  PRIMARY KEY (`sop`,`maks`),
  KEY `maks` (`maks`),
  CONSTRAINT `phong_ibfk_1` FOREIGN KEY (`maks`) REFERENCES `khachsan` (`maks`)
) ENGINE=InnoDB DEFAULT CHARSET=utf8 COLLATE=utf8_unicode_ci;




#
# TABLE STRUCTURE FOR: datphong
#

DROP TABLE IF EXISTS `datphong`;

CREATE TABLE `datphong` (
  `maks` varchar(40) CHARACTER SET utf8 NOT NULL,
  `makhach` varchar(40) CHARACTER SET utf8 NOT NULL,
  `ngaynhan` date NOT NULL,
  `ngaytra` date DEFAULT NULL,
  `sop` varchar(40) CHARACTER SET utf8 DEFAULT NULL,
  PRIMARY KEY (`maks`,`makhach`,`ngaynhan`),
  KEY `makhach` (`makhach`),
  CONSTRAINT `datphong_ibfk_1` FOREIGN KEY (`maks`) REFERENCES `khachsan` (`maks`),
  CONSTRAINT `datphong_ibfk_2` FOREIGN KEY (`makhach`) REFERENCES `khach` (`makhach`)
) ENGINE=InnoDB DEFAULT CHARSET=utf8 COLLATE=utf8_unicode_ci;


INSERT INTO `khach` (`makhach`, `hoten`, `diachi`) VALUES ('00374d22-4ddf-33b6-849e-aba73e44252b', 'Alexandre Renner', '655 Mathilde Place Suite 333');
INSERT INTO `khach` (`makhach`, `hoten`, `diachi`) VALUES ('04e1a6fd-ea4c-30a2-82f1-d5fd2f43ec13', 'Dr. Nia Hoeger', '2316 Wilderman Islands');
INSERT INTO `khach` (`makhach`, `hoten`, `diachi`) VALUES ('05ae1474-1e22-3d81-97b2-c936a6b7ae46', 'Reid Wiza', '9396 Oran Dale');
INSERT INTO `khach` (`makhach`, `hoten`, `diachi`) VALUES ('06c590e0-5a09-3c77-a35b-0a47ef7df129', 'Ms. Asa Spinka', '82699 Moore Plaza Apt. 299');
INSERT INTO `khach` (`makhach`, `hoten`, `diachi`) VALUES ('088e5df8-5b80-3308-b4f2-b49c2a6c5dd9', 'Emilia Fritsch', '893 Roob Avenue Apt. 010');
INSERT INTO `khach` (`makhach`, `hoten`, `diachi`) VALUES ('0bfd3111-7612-33cf-a883-602c57efcc90', 'Edna Gulgowski', '46536 Yost Prairie');
INSERT INTO `khach` (`makhach`, `hoten`, `diachi`) VALUES ('10280f47-b6b7-35e6-af2e-063bb0968e70', 'Lenore Mosciski', '964 Erdman Key');
INSERT INTO `khach` (`makhach`, `hoten`, `diachi`) VALUES ('1036c4e7-0049-35db-bb12-c84585a4cf5f', 'Miss Nya Steuber', '685 Itzel Mills');
INSERT INTO `khach` (`makhach`, `hoten`, `diachi`) VALUES ('10ada8df-1bd0-3b50-a1a7-b847d85b80ba', 'Paolo Treutel', '72313 Blick Drive Suite 528');
INSERT INTO `khach` (`makhach`, `hoten`, `diachi`) VALUES ('11643485-e2a0-37d1-8152-1b3e11df5090', 'Rozella Hyatt', '651 Stephanie Oval Suite 760');
INSERT INTO `khach` (`makhach`, `hoten`, `diachi`) VALUES ('17151511-3685-3847-a2cc-4e82d61861f0', 'Mr. Doug West III', '34103 Jayme Meadow Suite 355');
INSERT INTO `khach` (`makhach`, `hoten`, `diachi`) VALUES ('1726a816-c814-37e1-b45a-55aa0506bb56', 'Diana Cole', '5799 Tad Rue');
INSERT INTO `khach` (`makhach`, `hoten`, `diachi`) VALUES ('177bd6b9-b2ad-38b5-9e00-b3033a58359d', 'Janessa Waelchi', '2078 Stokes Course');
INSERT INTO `khach` (`makhach`, `hoten`, `diachi`) VALUES ('18cb8642-dbb2-3e9b-8b15-b71c6b065508', 'Dr. Kameron Spencer', '2729 Nicolas Trafficway Suite 231');
INSERT INTO `khach` (`makhach`, `hoten`, `diachi`) VALUES ('1a4cb19f-054b-34ef-b300-2a2af3807f71', 'Dr. Odie Legros', '114 Murray Divide');
INSERT INTO `khach` (`makhach`, `hoten`, `diachi`) VALUES ('2061cc07-fdbb-34ab-af75-dd28c8be1c32', 'Jorge Rohan', '644 Candelario Place');
INSERT INTO `khach` (`makhach`, `hoten`, `diachi`) VALUES ('2bf41c5b-8b71-37f4-80ee-6c8eb38d8fa1', 'Emerald Gutkowski', '115 Dietrich Circle');
INSERT INTO `khach` (`makhach`, `hoten`, `diachi`) VALUES ('2c4fbaea-516f-302c-8ade-36c169d39758', 'Berniece Keeling', '33094 Edwina Cape Suite 921');
INSERT INTO `khach` (`makhach`, `hoten`, `diachi`) VALUES ('2e353128-eb4a-3154-b699-016652066f06', 'Dr. Erik Rohan', '54808 Stamm Junctions Suite 991');
INSERT INTO `khach` (`makhach`, `hoten`, `diachi`) VALUES ('30d83ca1-04b0-3300-9989-6cb34f369be9', 'Filomena Schroeder', '426 Viva Cliffs');
INSERT INTO `khach` (`makhach`, `hoten`, `diachi`) VALUES ('3cb2bb18-1fc0-36b4-90a6-2f121a0c0f88', 'Mertie Kuhlman III', '8120 Selmer Spurs Suite 928');
INSERT INTO `khach` (`makhach`, `hoten`, `diachi`) VALUES ('3d4b2c24-aef8-342f-b8c6-95b35aea6452', 'Giovani Kreiger III', '1259 Yesenia Ferry Apt. 770');
INSERT INTO `khach` (`makhach`, `hoten`, `diachi`) VALUES ('3dcb7bab-8681-3443-9e88-a09f60ac16d5', 'Ms. Emily Dooley', '893 Eloisa Burg Suite 819');
INSERT INTO `khach` (`makhach`, `hoten`, `diachi`) VALUES ('3f45797d-7d30-3e51-b621-81e326da0ee7', 'Minnie Denesik', '4565 Blanda View');
INSERT INTO `khach` (`makhach`, `hoten`, `diachi`) VALUES ('41a4011a-22f1-3c1e-a871-5b62ed7583dc', 'Donna Marquardt', '4777 Schmitt Ville Suite 526');
INSERT INTO `khach` (`makhach`, `hoten`, `diachi`) VALUES ('423f5874-50fb-3bfb-bea6-80ab42a67e6e', 'Annie Romaguera', '336 Dessie Canyon');
INSERT INTO `khach` (`makhach`, `hoten`, `diachi`) VALUES ('4770a4a2-ab5b-3767-9438-4dc9c8e01181', 'Hailey Gaylord', '745 Murray Stream');
INSERT INTO `khach` (`makhach`, `hoten`, `diachi`) VALUES ('4936da08-5fa3-330a-991b-0ac30424fdda', 'Prof. Grover Armstrong', '88491 Tracy Valley Apt. 644');
INSERT INTO `khach` (`makhach`, `hoten`, `diachi`) VALUES ('4e3bf4bd-a29d-3f0a-81ac-e03c6ffbe2a9', 'Crystal Lindgren', '42598 Norene Stravenue');
INSERT INTO `khach` (`makhach`, `hoten`, `diachi`) VALUES ('50097890-5cf5-370c-89f3-8a0a9510c10e', 'Lesly Cummerata V', '35164 Bednar Extensions Apt. 904');
INSERT INTO `khach` (`makhach`, `hoten`, `diachi`) VALUES ('514890f6-7db8-3d87-a4d0-9a7c34ff54e3', 'Margarett Herzog DDS', '093 Carolanne Spring Suite 827');
INSERT INTO `khach` (`makhach`, `hoten`, `diachi`) VALUES ('5367c049-2f81-391f-bef2-9a1266993df4', 'Yesenia Osinski', '778 Leola Key Apt. 237');
INSERT INTO `khach` (`makhach`, `hoten`, `diachi`) VALUES ('55de06c8-bc39-300b-b228-3a6a3f8daa78', 'Adolfo Lockman', '8807 Marcellus Street Suite 026');
INSERT INTO `khach` (`makhach`, `hoten`, `diachi`) VALUES ('57428ae6-5d87-34a9-92c8-2d1d1a10f497', 'Louie Paucek MD', '3449 Heaney Wall');
INSERT INTO `khach` (`makhach`, `hoten`, `diachi`) VALUES ('57e97cfa-4d72-3396-829a-bd389045d501', 'Katherine Pacocha', '5086 Schinner Light');
INSERT INTO `khach` (`makhach`, `hoten`, `diachi`) VALUES ('592ac64c-b629-32e6-887b-3895af731ea4', 'Mr. Merlin Koss III', '520 Mosciski Bypass Suite 293');
INSERT INTO `khach` (`makhach`, `hoten`, `diachi`) VALUES ('5c26daf2-a019-3c3b-b64d-cff4f6c48ab3', 'Camylle Gorczany', '687 Hanna Motorway');
INSERT INTO `khach` (`makhach`, `hoten`, `diachi`) VALUES ('5e06b025-933b-3986-a4ee-76a2beee6e5f', 'Wilber Heaney', '4718 Cremin Island Suite 985');
INSERT INTO `khach` (`makhach`, `hoten`, `diachi`) VALUES ('5e0f1afd-a7d7-36a3-935c-35eab0a4b11f', 'Porter Bergstrom I', '4442 Reymundo Mount');
INSERT INTO `khach` (`makhach`, `hoten`, `diachi`) VALUES ('602a35d4-bad5-37f1-be2c-8eeca20fea43', 'Gay Smitham', '77632 Towne Course');
INSERT INTO `khach` (`makhach`, `hoten`, `diachi`) VALUES ('62772166-a62a-306e-a9f1-adf0154f3622', 'Isabelle Ondricka', '7246 Makenna Isle Suite 579');
INSERT INTO `khach` (`makhach`, `hoten`, `diachi`) VALUES ('62c9f68e-2124-3531-8504-670618cc28d4', 'Prof. Arjun Weber Sr.', '2835 Jerde View');
INSERT INTO `khach` (`makhach`, `hoten`, `diachi`) VALUES ('6652d7b1-f7c6-3839-a119-bf5dbafa4ebf', 'Prof. Justen Botsford', '0927 Kirlin Dale Suite 002');
INSERT INTO `khach` (`makhach`, `hoten`, `diachi`) VALUES ('684a417c-de58-3431-9cce-a69401c61864', 'Bobbie Mann', '4036 Wisoky Pike Apt. 846');
INSERT INTO `khach` (`makhach`, `hoten`, `diachi`) VALUES ('699041ec-08bb-397b-a099-4c34f9cd4962', 'Katelyn Murazik', '7446 Angus Fords');
INSERT INTO `khach` (`makhach`, `hoten`, `diachi`) VALUES ('6ba2cd4b-0af0-3330-91b3-bf8700a21517', 'Nelda Ledner', '59268 Elwyn Pass');
INSERT INTO `khach` (`makhach`, `hoten`, `diachi`) VALUES ('6ced85dd-e98d-300c-beb0-08d0f997e7f2', 'Mrs. Liliana Gleichner', '6044 Buckridge Springs');
INSERT INTO `khach` (`makhach`, `hoten`, `diachi`) VALUES ('710cca5c-6377-3da5-9c34-5b916a2513ca', 'Kirk Ratke', '4194 Lakin Landing Apt. 985');
INSERT INTO `khach` (`makhach`, `hoten`, `diachi`) VALUES ('7284a76f-c3ef-3e1c-b922-226de2aacc72', 'Fredrick Keeling', '2987 Wisozk Pine Suite 898');
INSERT INTO `khach` (`makhach`, `hoten`, `diachi`) VALUES ('72b7e71a-5b72-321a-a377-5dcf24c0058f', 'Prof. Roosevelt Windler MD', '279 Upton Alley Suite 948');
INSERT INTO `khach` (`makhach`, `hoten`, `diachi`) VALUES ('7790ccbd-0c65-3cb2-b02a-fa342c947b78', 'Jairo Champlin', '2382 Lucinda Plaza Suite 451');
INSERT INTO `khach` (`makhach`, `hoten`, `diachi`) VALUES ('7bbcc466-e2f1-378f-a493-362d7851e72c', 'Kameron Grant', '249 Royal Rapids');
INSERT INTO `khach` (`makhach`, `hoten`, `diachi`) VALUES ('7e399e90-3fbb-3b08-85dd-a1eda6337a9a', 'Helena Schoen', '653 Immanuel Prairie');
INSERT INTO `khach` (`makhach`, `hoten`, `diachi`) VALUES ('7ed02d0d-38ca-37b4-a667-085070526dbe', 'Miss Adrianna Koepp IV', '4348 Adams Overpass Apt. 502');
INSERT INTO `khach` (`makhach`, `hoten`, `diachi`) VALUES ('8137f954-1841-393d-b708-4ecfe9799d89', 'Lelia Vandervort', '301 Thiel Ramp Suite 548');
INSERT INTO `khach` (`makhach`, `hoten`, `diachi`) VALUES ('8151c228-cb86-3c39-adba-94b60dce4244', 'Chanelle Kautzer', '997 Feil Junctions Suite 517');
INSERT INTO `khach` (`makhach`, `hoten`, `diachi`) VALUES ('874cb6a7-09e0-3a38-a0d3-73690db5bb78', 'Dr. Erin Marquardt', '1748 Sporer Field');
INSERT INTO `khach` (`makhach`, `hoten`, `diachi`) VALUES ('87ba022a-8b9d-3cd9-87d2-4dcda4c66d00', 'Mrs. Jaunita Boyle I', '9604 Swaniawski Light');
INSERT INTO `khach` (`makhach`, `hoten`, `diachi`) VALUES ('8da021a3-0d00-31de-8059-c580e76c8b21', 'Jaclyn Willms II', '3431 Langworth Hollow Suite 798');
INSERT INTO `khach` (`makhach`, `hoten`, `diachi`) VALUES ('9279fecf-84d2-3f36-ae8b-62c9b12b3c69', 'Candice Considine', '14274 Mylene Trail');
INSERT INTO `khach` (`makhach`, `hoten`, `diachi`) VALUES ('93592b95-1732-353a-ad2b-001ff3318bee', 'Giovanny Klein DVM', '121 Roberts Dale');
INSERT INTO `khach` (`makhach`, `hoten`, `diachi`) VALUES ('9488bc1d-7fe9-31e3-a7b6-e39d202dd059', 'Connie Towne', '18300 Viva Circles Suite 434');
INSERT INTO `khach` (`makhach`, `hoten`, `diachi`) VALUES ('96a9958a-bccd-30a0-9335-ebe1affebb52', 'Prof. Hailie Bosco V', '031 Schulist Forest Suite 200');
INSERT INTO `khach` (`makhach`, `hoten`, `diachi`) VALUES ('9f218695-afb4-3901-ad05-88d890c865bb', 'Judson Daniel', '34626 Lennie Underpass');
INSERT INTO `khach` (`makhach`, `hoten`, `diachi`) VALUES ('a750e529-07e7-312a-b95a-45e91d51a274', 'Dr. Isac Hackett', '34365 Ceasar Harbors Suite 885');
INSERT INTO `khach` (`makhach`, `hoten`, `diachi`) VALUES ('aaf2832e-be3e-3882-8a5d-b894e94faf80', 'Antonette Daniel', '76166 Sheridan Route Apt. 888');
INSERT INTO `khach` (`makhach`, `hoten`, `diachi`) VALUES ('ac82d6c9-0367-39d5-aa76-0c6981feb49a', 'Leif Robel', '19797 Frami Villages Suite 932');
INSERT INTO `khach` (`makhach`, `hoten`, `diachi`) VALUES ('ade844e7-f9f8-3877-a0c4-8190e6fddad3', 'Marielle McDermott', '20408 Kling Island Apt. 156');
INSERT INTO `khach` (`makhach`, `hoten`, `diachi`) VALUES ('afaaffbd-6965-3bb5-8a7d-0efa1696d7a7', 'Maudie Reichert', '398 Wolff Cove Suite 153');
INSERT INTO `khach` (`makhach`, `hoten`, `diachi`) VALUES ('b0059a81-5eb5-32e0-a5bc-ca7be55b9de3', 'Gayle Prosacco V', '7571 Jed Highway Apt. 325');
INSERT INTO `khach` (`makhach`, `hoten`, `diachi`) VALUES ('b40eeac7-8950-3678-ac96-0099cc072dfd', 'Roxanne Walker II', '66974 Tremblay Garden');
INSERT INTO `khach` (`makhach`, `hoten`, `diachi`) VALUES ('b8487f01-f8eb-399f-a9da-6453dd893a52', 'Terrill Schuppe', '1648 Hane Mount');
INSERT INTO `khach` (`makhach`, `hoten`, `diachi`) VALUES ('bd77ae99-842f-3337-8c04-4ac1073536da', 'Stacey Jenkins', '35289 Brianne Junctions');
INSERT INTO `khach` (`makhach`, `hoten`, `diachi`) VALUES ('c045b9a9-bbda-3141-9143-7479de8d7c6f', 'Vidal Berge Jr.', '31315 Maddison Track');
INSERT INTO `khach` (`makhach`, `hoten`, `diachi`) VALUES ('c070f903-e038-3a91-86d8-6846a7e1ef5c', 'Kirk Bogisich', '8773 Kattie Park');
INSERT INTO `khach` (`makhach`, `hoten`, `diachi`) VALUES ('c089576e-89e2-358b-8c08-d9f2d38ef6cb', 'Amina Labadie', '291 Alexa Row');
INSERT INTO `khach` (`makhach`, `hoten`, `diachi`) VALUES ('c5f38333-d5fb-3360-8e16-d19cf1f72da9', 'Addie Brekke', '93040 Lula Turnpike');
INSERT INTO `khach` (`makhach`, `hoten`, `diachi`) VALUES ('c6728c37-4a55-3ba0-af87-716997eb9e72', 'Mr. Muhammad Kshlerin', '045 Johan Pine');
INSERT INTO `khach` (`makhach`, `hoten`, `diachi`) VALUES ('c719b9bc-f051-35d0-b790-362c01591f3f', 'Ciara Blanda', '84013 Gregorio Wells Apt. 802');
INSERT INTO `khach` (`makhach`, `hoten`, `diachi`) VALUES ('c75fc651-d65e-3198-a903-9033cf35e9f8', 'Prof. Rogers Kshlerin DVM', '83011 Alexandrine Loop');
INSERT INTO `khach` (`makhach`, `hoten`, `diachi`) VALUES ('c80f9c3a-3fd2-3f07-b2e9-9145b1942386', 'Doris Schuppe', '511 Bechtelar Dale Apt. 295');
INSERT INTO `khach` (`makhach`, `hoten`, `diachi`) VALUES ('c8467251-09cd-328a-8e95-5761465835cd', 'Dr. Aaron Baumbach MD', '983 Morris Passage');
INSERT INTO `khach` (`makhach`, `hoten`, `diachi`) VALUES ('cc751d93-7acc-3cdf-bb86-586e7ac5b6a0', 'Randal Schneider', '187 Marilyne Haven Suite 989');
INSERT INTO `khach` (`makhach`, `hoten`, `diachi`) VALUES ('cf15d8fa-ff08-346c-acce-d0a380e1c45d', 'Ken Abernathy', '8114 Lukas Ridges Apt. 247');
INSERT INTO `khach` (`makhach`, `hoten`, `diachi`) VALUES ('d9f87308-34cb-388e-8d86-9ae0a728f09d', 'Prof. Linnea Koss MD', '5735 Goodwin Walk Suite 294');
INSERT INTO `khach` (`makhach`, `hoten`, `diachi`) VALUES ('daeaab9a-cc3c-314d-a0ac-66c4575f7137', 'Prof. Maurine Volkman', '458 Leann Garden Apt. 872');
INSERT INTO `khach` (`makhach`, `hoten`, `diachi`) VALUES ('dc56094d-452e-36c4-b3ec-80d2415c6618', 'Mitchel Klocko', '85689 Dawson Cliff');
INSERT INTO `khach` (`makhach`, `hoten`, `diachi`) VALUES ('dcecebc6-85dd-3fc7-b462-61edc5beca23', 'Ryder McCullough', '764 Saige Avenue');
INSERT INTO `khach` (`makhach`, `hoten`, `diachi`) VALUES ('dd878ad7-6776-3129-bece-66c3730baf5a', 'Haley Kerluke', '141 Toy Club Apt. 339');
INSERT INTO `khach` (`makhach`, `hoten`, `diachi`) VALUES ('e19b3e75-9ea6-34ea-8a61-c46bfa034807', 'Ms. Kattie Yost', '7778 Maggio Haven Suite 484');
INSERT INTO `khach` (`makhach`, `hoten`, `diachi`) VALUES ('e53c5108-7eab-3f26-b79a-36515755def8', 'Angel Wyman', '759 Alta Locks Suite 735');
INSERT INTO `khach` (`makhach`, `hoten`, `diachi`) VALUES ('e7769ed3-3ad9-31d2-a2a4-e298b6503e5b', 'Dr. Elton Dibbert', '26320 Blanda Crest Suite 068');
INSERT INTO `khach` (`makhach`, `hoten`, `diachi`) VALUES ('ec97c7f7-3d4e-3758-8103-e704541057d2', 'Prof. Adrianna Ratke', '811 Leuschke Pines');
INSERT INTO `khach` (`makhach`, `hoten`, `diachi`) VALUES ('f25a162a-b489-32ff-bc22-450002b9a40e', 'Monserrate Hodkiewicz', '62060 Hartmann Bridge Suite 692');
INSERT INTO `khach` (`makhach`, `hoten`, `diachi`) VALUES ('f2c15b8a-9665-3618-9cfe-ddd141e0fd73', 'Dr. Adah Schowalter', '30740 Hayes Terrace');
INSERT INTO `khach` (`makhach`, `hoten`, `diachi`) VALUES ('f9a4bd5e-2877-340b-b543-c478153eaddd', 'Dr. Maureen Strosin', '95460 Mohr Streets');
INSERT INTO `khach` (`makhach`, `hoten`, `diachi`) VALUES ('f9a4f7da-1987-30b2-8d5d-a1b83b38dba2', 'Dino Ryan IV', '998 Bartoletti Mountain');
INSERT INTO `khach` (`makhach`, `hoten`, `diachi`) VALUES ('fa7b7eed-060f-3484-abbe-41665252e544', 'Mack Marks DDS', '42800 Harber Junctions Apt. 222');
INSERT INTO `khach` (`makhach`, `hoten`, `diachi`) VALUES ('fb3f474f-19e4-323f-a571-6bb160bd96db', 'Alysa Schmidt', '86787 Bethel Manor Apt. 430');
INSERT INTO `khach` (`makhach`, `hoten`, `diachi`) VALUES ('ffab6be0-ae15-3c3c-8a7e-2d7e99d2f643', 'Margie Wiza', '707 Spencer Extensions Apt. 883');



INSERT INTO `khachsan` (`maks`, `tenks`, `diachi`) VALUES ('0235634b-4db9-3ccf-ace5-bedb94ae1022', 'McLaughlin Inc', '3792 Kilback Cove Suite 476\nRavenburgh, ');
INSERT INTO `khachsan` (`maks`, `tenks`, `diachi`) VALUES ('023efedc-eb34-3c31-b579-72ee1b9a1e39', 'Schneider Ltd', '05780 Judd Turnpike\nLake Lafayetteport, ');
INSERT INTO `khachsan` (`maks`, `tenks`, `diachi`) VALUES ('04bc349c-23aa-35d9-8cef-b4b42e24213c', 'Mohr-Tillman', '323 Gusikowski Pass\nVeldaton, ND 02825-7');
INSERT INTO `khachsan` (`maks`, `tenks`, `diachi`) VALUES ('0690d7e5-49ad-327a-9567-30c0e6f18365', 'Schmitt and Sons', '27753 Vandervort Mount\nKingfort, AL 9374');
INSERT INTO `khachsan` (`maks`, `tenks`, `diachi`) VALUES ('0e0a7264-66e7-3b70-8da4-e5674c700354', 'Effertz-Nicolas', '060 Tyree Junctions Suite 305\nNew Maxwel');
INSERT INTO `khachsan` (`maks`, `tenks`, `diachi`) VALUES ('10cfe40a-3490-31b4-bdae-308f1795fa4d', 'Romaguera PLC', '669 Fausto Lodge Suite 540\nLake Stanley,');
INSERT INTO `khachsan` (`maks`, `tenks`, `diachi`) VALUES ('12806743-f37a-36f2-911c-d1de51d1eba6', 'Mosciski-Bailey', '16199 Mayer Greens Suite 832\nPort Julian');
INSERT INTO `khachsan` (`maks`, `tenks`, `diachi`) VALUES ('129ab3ea-72ca-3757-ad75-0fc86b9e653c', 'Abshire-Pfeffer', '2184 Rosenbaum Forks Suite 216\nO\'Konhave');
INSERT INTO `khachsan` (`maks`, `tenks`, `diachi`) VALUES ('12d9c62e-4008-3557-adcc-95decd7e885f', 'Konopelski, Armstrong and Swaniawski', '591 Jaclyn Walks Apt. 851\nLabadieburgh, ');
INSERT INTO `khachsan` (`maks`, `tenks`, `diachi`) VALUES ('13edbbf0-9443-3776-a5b9-5ad6c533db1b', 'Kerluke-Sporer', '8327 Lelia Bridge Suite 887\nOkunevaview,');
INSERT INTO `khachsan` (`maks`, `tenks`, `diachi`) VALUES ('14096ae1-f0a6-38b1-8b29-714f89f95c26', 'Blick-Windler', '04132 Block Divide\nNathenshire, MO 31334');
INSERT INTO `khachsan` (`maks`, `tenks`, `diachi`) VALUES ('17e2c31d-bfba-3ae3-bea9-52630f63fc6b', 'Klein, Hansen and Auer', '71467 Mraz Spur\nNew Chelseaside, RI 5041');
INSERT INTO `khachsan` (`maks`, `tenks`, `diachi`) VALUES ('18732625-1aab-3ec8-be7d-975ae733ac9b', 'Veum-Brakus', '531 Cartwright Villages\nFeilside, WY 593');
INSERT INTO `khachsan` (`maks`, `tenks`, `diachi`) VALUES ('1adcc401-0d2b-31f4-8342-457c74a4ec3a', 'Pollich LLC', '05041 Herzog Port\nNorth Ellamouth, FL 14');
INSERT INTO `khachsan` (`maks`, `tenks`, `diachi`) VALUES ('1d5b9dd5-9faf-323c-8f6a-c6a0eceee526', 'Zulauf, Schiller and Goldner', '3556 Dickens Camp Apt. 334\nBrennonland, ');
INSERT INTO `khachsan` (`maks`, `tenks`, `diachi`) VALUES ('23be692d-56a6-34ed-bf35-ede6fe62402d', 'Becker Group', '1570 Emmerich Plain\nEast Bridiemouth, NE');
INSERT INTO `khachsan` (`maks`, `tenks`, `diachi`) VALUES ('24ce3904-66ca-3012-b956-3a0f6a8144ec', 'Treutel Group', '85666 Cormier Mission\nPort Gianni, HI 75');
INSERT INTO `khachsan` (`maks`, `tenks`, `diachi`) VALUES ('28f4341f-3c50-3ee5-ba66-2663b81f0f22', 'Nitzsche LLC', '392 Seamus Skyway Suite 677\nElveraboroug');
INSERT INTO `khachsan` (`maks`, `tenks`, `diachi`) VALUES ('2c122c62-9b15-3aee-a15d-ecbfe137bd48', 'Lowe-Schamberger', '84193 Josefina Mill Suite 234\nNorth Joel');
INSERT INTO `khachsan` (`maks`, `tenks`, `diachi`) VALUES ('2c877541-820b-3497-bf1b-b97b36b1c92c', 'Stamm, Douglas and Cormier', '29924 Bogan Crossing Apt. 547\nLake Astri');
INSERT INTO `khachsan` (`maks`, `tenks`, `diachi`) VALUES ('370a995e-d062-3a41-ae7e-2157764ccf1e', 'Dare PLC', '66548 Runolfsdottir Ridge\nSouth Demariol');
INSERT INTO `khachsan` (`maks`, `tenks`, `diachi`) VALUES ('3a0fc52d-f24b-3ff4-bb44-a54352f920b1', 'Lockman Inc', '880 Connelly Fields\nLake Marlenetown, HI');
INSERT INTO `khachsan` (`maks`, `tenks`, `diachi`) VALUES ('3ccc8fdc-6cc8-3176-b97b-a3b8341ab95d', 'Howell-Thiel', '1263 Buford Neck Suite 150\nWest Richiebu');
INSERT INTO `khachsan` (`maks`, `tenks`, `diachi`) VALUES ('3fb34bfd-31f4-3a10-b072-732215db3099', 'Corkery LLC', '823 Bonita Glen Suite 107\nSydneychester,');
INSERT INTO `khachsan` (`maks`, `tenks`, `diachi`) VALUES ('4211102b-7190-3944-8d41-a3a040bdc236', 'Lesch-Eichmann', '5559 Chad Summit\nWest Alvina, TX 54951');
INSERT INTO `khachsan` (`maks`, `tenks`, `diachi`) VALUES ('44789392-4fe7-3404-b1ac-3756b72f98b1', 'Cruickshank-Kovacek', '1869 Murray Manor Suite 259\nNorth Ernie,');
INSERT INTO `khachsan` (`maks`, `tenks`, `diachi`) VALUES ('4cc941ce-992c-3058-a793-f5f9d3f05766', 'Russel, Haag and Schoen', '325 Jasen Spring\nGulgowskiport, ID 17679');
INSERT INTO `khachsan` (`maks`, `tenks`, `diachi`) VALUES ('4d0dd2bc-ffde-3ee9-83ee-1f5725947022', 'Smitham, Hudson and Waters', '15549 Fern Stravenue\nEast Curtis, PA 709');
INSERT INTO `khachsan` (`maks`, `tenks`, `diachi`) VALUES ('50769ba5-f60e-3880-97d2-4e2c4f413cf8', 'Lindgren, Schmitt and Fay', '5619 Denesik Island Apt. 775\nLake Stanle');
INSERT INTO `khachsan` (`maks`, `tenks`, `diachi`) VALUES ('58cc7efb-284b-3f84-9304-7a6628cb51a8', 'Paucek-Durgan', '751 Palma Fork\nLemkeport, NJ 84245');
INSERT INTO `khachsan` (`maks`, `tenks`, `diachi`) VALUES ('5c9fbc24-89f2-33f0-996e-154b005987f5', 'Moen Ltd', '61162 Kuphal Mountains Apt. 554\nJerdeton');
INSERT INTO `khachsan` (`maks`, `tenks`, `diachi`) VALUES ('5d14081d-2ed4-3387-8806-eff254cad456', 'Bayer LLC', '251 Camryn Isle Suite 928\nDylanport, NV ');
INSERT INTO `khachsan` (`maks`, `tenks`, `diachi`) VALUES ('6106a6bf-e2ed-3c38-a519-ee0032b421b8', 'Zboncak-Schultz', '37416 Russel Lakes\nFunkport, AK 52728-30');
INSERT INTO `khachsan` (`maks`, `tenks`, `diachi`) VALUES ('673a69ff-06eb-31fa-a12b-be56971e4f16', 'Kessler-Pouros', '439 Wolff Rapid Suite 025\nEast Aureliobo');
INSERT INTO `khachsan` (`maks`, `tenks`, `diachi`) VALUES ('67bfe178-6270-33a0-b7cb-f19ef02aa614', 'Larson and Sons', '5066 Hickle Haven Apt. 645\nSouth Rashawn');
INSERT INTO `khachsan` (`maks`, `tenks`, `diachi`) VALUES ('693b4af1-3e16-374d-a97a-657d59a05f51', 'Breitenberg-Pollich', '63747 Samanta Meadows Suite 065\nTrantowv');
INSERT INTO `khachsan` (`maks`, `tenks`, `diachi`) VALUES ('74b1db63-2688-3702-ac25-99d48d19ba8c', 'Durgan and Sons', '85805 Abbott Knoll Suite 875\nZariabury, ');
INSERT INTO `khachsan` (`maks`, `tenks`, `diachi`) VALUES ('751f8a0a-09bf-32ab-b637-64acefbfabb1', 'Kris-Steuber', '57996 Mervin Manor Suite 911\nMrazstad, C');
INSERT INTO `khachsan` (`maks`, `tenks`, `diachi`) VALUES ('7a36c746-c5d5-3154-9a6b-af746036c9ab', 'Torp, Hilll and Gaylord', '920 Fisher Centers\nPort Colbyland, OR 60');
INSERT INTO `khachsan` (`maks`, `tenks`, `diachi`) VALUES ('7ace7423-424e-3f5f-9fa6-9b64cb1d1be8', 'Ziemann-Marvin', '6431 O\'Kon Port Apt. 687\nEffertzfurt, SC');
INSERT INTO `khachsan` (`maks`, `tenks`, `diachi`) VALUES ('7e3e8a5c-7c37-3892-8f6f-9420d1eb6d88', 'Miller-Friesen', '1013 Jaclyn Prairie\nO\'Harahaven, MT 4110');
INSERT INTO `khachsan` (`maks`, `tenks`, `diachi`) VALUES ('80e21683-f4e7-3ce1-86a6-e7685214f0f5', 'Romaguera, Sauer and Breitenberg', '21944 Padberg Court\nHettingermouth, VA 6');
INSERT INTO `khachsan` (`maks`, `tenks`, `diachi`) VALUES ('82546078-1df2-314e-977b-6e6cf67fe27d', 'Dicki, Marquardt and Daugherty', '0480 Ona Locks Apt. 090\nMohammedburgh, T');
INSERT INTO `khachsan` (`maks`, `tenks`, `diachi`) VALUES ('82773138-a91a-398c-a2d3-b909e1793cf9', 'Murazik and Sons', '916 West Heights\nCasperchester, NM 18783');
INSERT INTO `khachsan` (`maks`, `tenks`, `diachi`) VALUES ('8578c4e2-7eed-396f-af60-17ef52ae673a', 'Lueilwitz-Dickinson', '3285 Breanne Motorway\nCristburgh, NY 758');
INSERT INTO `khachsan` (`maks`, `tenks`, `diachi`) VALUES ('866513cd-b52b-3667-ab8f-b986dcf4af96', 'Dare, Gorczany and Keebler', '89257 Jocelyn Estates\nWillmsville, OK 10');
INSERT INTO `khachsan` (`maks`, `tenks`, `diachi`) VALUES ('87342d67-4466-395f-8b80-0b22f35a7f9f', 'Waters PLC', '5206 Mraz Stream Suite 375\nSouth Sheila,');
INSERT INTO `khachsan` (`maks`, `tenks`, `diachi`) VALUES ('892ea353-25f4-3227-83de-75157bb08bf9', 'Bailey Group', '3499 Shea Burgs\nEast Donato, MT 56282');
INSERT INTO `khachsan` (`maks`, `tenks`, `diachi`) VALUES ('8a308c69-0eed-3273-ac16-1b774b8c3e92', 'Larson and Sons', '6537 Ledner Road\nBartolettitown, NC 3794');
INSERT INTO `khachsan` (`maks`, `tenks`, `diachi`) VALUES ('8c61ff99-fc7b-37b0-9b41-51df1ea32771', 'Doyle, Cassin and Feeney', '979 Rosa Lakes\nNew Evangeline, MS 70650-');
INSERT INTO `khachsan` (`maks`, `tenks`, `diachi`) VALUES ('8ec5219e-3bd0-3d56-bd0d-2694d12541bb', 'Orn Inc', '254 Dolores Hollow\nNorth Jazlyn, PA 1999');
INSERT INTO `khachsan` (`maks`, `tenks`, `diachi`) VALUES ('9699a09f-449d-3b78-980f-00b7a300301e', 'Kuhlman-Dickens', '955 Shaniya Walks\nThompsonshire, VT 7183');
INSERT INTO `khachsan` (`maks`, `tenks`, `diachi`) VALUES ('a608a76e-7417-3ddd-a547-377abdef8ab0', 'Feeney-Lang', '16407 Karen Falls Apt. 118\nLake Kearafor');
INSERT INTO `khachsan` (`maks`, `tenks`, `diachi`) VALUES ('a944fbee-88f7-3c01-9e6f-f93241cc371e', 'Johnston, Mraz and Heaney', '983 Schiller Mountain\nNew Kendall, NM 94');
INSERT INTO `khachsan` (`maks`, `tenks`, `diachi`) VALUES ('aa202a6a-5e76-328b-bf50-5e41ee238d49', 'Barton, Gusikowski and DuBuque', '851 Towne Prairie\nAbshirefurt, LA 55224-');
INSERT INTO `khachsan` (`maks`, `tenks`, `diachi`) VALUES ('ab8d2d84-c631-3a5d-bc89-3a4c4a66f622', 'Parisian-Kiehn', '923 Rohan Cliff Suite 381\nNorth Kelli, M');
INSERT INTO `khachsan` (`maks`, `tenks`, `diachi`) VALUES ('ae517696-f4be-3741-ab91-bbbf02262c34', 'Kovacek, Mann and Durgan', '143 Gaylord Mews\nNew Diannaberg, UT 9468');
INSERT INTO `khachsan` (`maks`, `tenks`, `diachi`) VALUES ('aece30ee-9f6a-3aee-bda2-9c8eb55bb659', 'Green-Morissette', '21637 Huel Valleys\nRyleeview, MI 89020-7');
INSERT INTO `khachsan` (`maks`, `tenks`, `diachi`) VALUES ('b0992f69-3bd3-3fb4-afc5-eb84a51578ae', 'Morar PLC', '360 Jacques Wall Apt. 558\nKassandraland,');
INSERT INTO `khachsan` (`maks`, `tenks`, `diachi`) VALUES ('b18fba78-8bf7-32be-874f-c5b835d3c7b9', 'Gislason, Dach and Huels', '9691 Muller Place\nPort Hilda, GA 44337-1');
INSERT INTO `khachsan` (`maks`, `tenks`, `diachi`) VALUES ('b27127d0-a955-3a6e-8db6-930f31810a6a', 'Streich-Feeney', '16355 Mark Gardens Apt. 332\nLake Adrienn');
INSERT INTO `khachsan` (`maks`, `tenks`, `diachi`) VALUES ('b29d985b-b248-30e3-9e6f-ba51eb4c63b3', 'Bayer Group', '279 Velda Crescent Suite 860\nPort Guadal');
INSERT INTO `khachsan` (`maks`, `tenks`, `diachi`) VALUES ('b79651dd-300d-3147-9467-2c29054c1bbd', 'Lueilwitz-Mayer', '4875 Metz Curve Suite 480\nMarianamouth, ');
INSERT INTO `khachsan` (`maks`, `tenks`, `diachi`) VALUES ('b8ef7bab-6b4b-34f0-bdef-d7820b976b82', 'Hirthe Ltd', '965 Rick Common Suite 860\nNorth Reneemou');
INSERT INTO `khachsan` (`maks`, `tenks`, `diachi`) VALUES ('bc7916a3-ea4b-3b19-82f9-80895c4bf79b', 'Blanda-Runte', '5206 Dimitri Lane\nCarmenland, AR 65346-2');
INSERT INTO `khachsan` (`maks`, `tenks`, `diachi`) VALUES ('bcda0f0c-d63d-3221-93fc-4aaa84f9bef4', 'Leuschke, Heaney and Donnelly', '5621 Kasey Greens\nLelaland, WA 23568');
INSERT INTO `khachsan` (`maks`, `tenks`, `diachi`) VALUES ('bdd6e7bb-d820-34ee-a3dd-23e3be0f5006', 'Rempel, Oberbrunner and Abernathy', '9447 Parker Terrace Apt. 015\nSouth Robbi');
INSERT INTO `khachsan` (`maks`, `tenks`, `diachi`) VALUES ('bddb8d9d-604e-3333-8885-d815d90ef0ed', 'Mitchell, Effertz and Keeling', '153 Joelle Lakes\nEast Yadiraside, UT 207');
INSERT INTO `khachsan` (`maks`, `tenks`, `diachi`) VALUES ('bed8270f-ca29-3a84-bcd6-b9c495d29117', 'Hackett and Sons', '4050 Mavis Village Suite 112\nErdmanmouth');
INSERT INTO `khachsan` (`maks`, `tenks`, `diachi`) VALUES ('bf30eef4-68a2-3c5c-8a3e-561d2967b8ac', 'Ward Inc', '134 Ashleigh Path Apt. 198\nRusselfort, W');
INSERT INTO `khachsan` (`maks`, `tenks`, `diachi`) VALUES ('c0c056d3-e601-3cc7-adb0-721e0ec8c925', 'McLaughlin, Boyle and Pouros', '558 Romaguera Ways Apt. 581\nNew Maceymou');
INSERT INTO `khachsan` (`maks`, `tenks`, `diachi`) VALUES ('c397781a-a59d-3a83-b42f-cb553ecfd532', 'Aufderhar, Kohler and Harris', '3470 Hoeger Spring\nAndersonhaven, WY 918');
INSERT INTO `khachsan` (`maks`, `tenks`, `diachi`) VALUES ('c3da0c16-3060-3f3b-9f97-4f59818cfa34', 'Mertz-Hessel', '3605 Marquise Bypass\nKileymouth, MS 4222');
INSERT INTO `khachsan` (`maks`, `tenks`, `diachi`) VALUES ('c4fa26d0-5ac4-36de-822a-48ccd6a88b48', 'Bins-Koelpin', '3383 Idell Flats Apt. 789\nMonserrateport');
INSERT INTO `khachsan` (`maks`, `tenks`, `diachi`) VALUES ('c55f47b6-2225-312b-bb6b-2e8e68b38893', 'Kihn Inc', '65032 Rowan Pines\nLake Keven, OR 43963-3');
INSERT INTO `khachsan` (`maks`, `tenks`, `diachi`) VALUES ('c97f51f9-c8ed-33d8-b3b6-86896493aac0', 'Cummings, Zboncak and Emmerich', '4892 Schaden Path\nAlexandrineview, SC 77');
INSERT INTO `khachsan` (`maks`, `tenks`, `diachi`) VALUES ('ca4eb150-480e-33da-b247-19d1f0c64862', 'Buckridge, Greenfelder and Vandervort', '0310 Haley Unions Apt. 520\nEast Eugenia,');
INSERT INTO `khachsan` (`maks`, `tenks`, `diachi`) VALUES ('cb46a4b0-a545-31e7-8372-68089cafc344', 'Ritchie LLC', '422 Koch Estate Suite 663\nLake Kenyonche');
INSERT INTO `khachsan` (`maks`, `tenks`, `diachi`) VALUES ('d15dba74-998f-35bd-b5d5-606aaec496ad', 'Bartell and Sons', '453 Bethel Drive Suite 158\nNew Camron, N');
INSERT INTO `khachsan` (`maks`, `tenks`, `diachi`) VALUES ('d29b043e-fbdd-3ed7-a56b-08b5df095da1', 'Mosciski-Buckridge', '2661 Stephania Lock\nEnriqueside, VA 7303');
INSERT INTO `khachsan` (`maks`, `tenks`, `diachi`) VALUES ('d4053eae-bd77-35d7-81e3-3018e45d6d03', 'Braun, Schuster and Gislason', '0733 Trystan Crossing\nRutherfordmouth, M');
INSERT INTO `khachsan` (`maks`, `tenks`, `diachi`) VALUES ('d45cbd86-b8b8-3bc9-8e93-5008b8063c22', 'Steuber, Luettgen and Lakin', '55545 Lebsack Extension\nWest Abbiestad, ');
INSERT INTO `khachsan` (`maks`, `tenks`, `diachi`) VALUES ('d6499633-091e-3752-b73d-c59c1dd07138', 'Rippin Ltd', '457 Simeon Centers\nLake Joseph, NC 18175');
INSERT INTO `khachsan` (`maks`, `tenks`, `diachi`) VALUES ('d67e9aa8-0ae4-36f0-80b7-23b3fca59cf6', 'Pouros-Jacobi', '73794 Betty Summit\nPort Alyssonborough, ');
INSERT INTO `khachsan` (`maks`, `tenks`, `diachi`) VALUES ('d8e02a3e-12bc-3963-bb64-25160e9e701a', 'Mann-Willms', '9946 O\'Hara Island\nHirthechester, WI 215');
INSERT INTO `khachsan` (`maks`, `tenks`, `diachi`) VALUES ('d934a83b-040a-3fa3-9f83-464d0ae925f3', 'Paucek, Romaguera and Balistreri', '52342 Annetta Union Suite 493\nFritschche');
INSERT INTO `khachsan` (`maks`, `tenks`, `diachi`) VALUES ('d992d7b8-78e1-38ae-ad64-b45bc5dedb95', 'Connelly-Romaguera', '645 Bernier Gardens\nEast Newtonport, MD ');
INSERT INTO `khachsan` (`maks`, `tenks`, `diachi`) VALUES ('daded5bb-699f-3114-90a0-4874690d6209', 'Littel Ltd', '917 Huels Drive Suite 864\nEast Molly, VA');
INSERT INTO `khachsan` (`maks`, `tenks`, `diachi`) VALUES ('db4da228-7796-3634-92ba-4b2dd7897542', 'Walker-Schamberger', '239 Marina Walk Apt. 000\nMarielaton, GA ');
INSERT INTO `khachsan` (`maks`, `tenks`, `diachi`) VALUES ('e6199a55-c0c6-3ff8-abb2-773f4a3b53c7', 'Ledner-Conn', '0276 Brandon Village\nDangeloberg, DE 658');
INSERT INTO `khachsan` (`maks`, `tenks`, `diachi`) VALUES ('e7a5da4a-9103-3ff1-b641-5dba9be36b0e', 'Walter, Connelly and Terry', '51523 DuBuque Mountain Apt. 814\nKilbackm');
INSERT INTO `khachsan` (`maks`, `tenks`, `diachi`) VALUES ('e7cc7ae3-7fca-3baa-a333-4211f1db14b4', 'Collins, Zulauf and Anderson', '7000 Carmela Pines Apt. 664\nRogahnberg, ');
INSERT INTO `khachsan` (`maks`, `tenks`, `diachi`) VALUES ('ed8251f0-a542-32b9-96e2-b766bb93e1de', 'Rippin-Ritchie', '44607 Marquis Parkways\nNorth Terrancesid');
INSERT INTO `khachsan` (`maks`, `tenks`, `diachi`) VALUES ('ee059902-1b48-344a-855a-54bb3418577a', 'Ziemann, Ziemann and Fahey', '80499 Hilll Dam\nPowlowskiville, SD 54429');
INSERT INTO `khachsan` (`maks`, `tenks`, `diachi`) VALUES ('ef13744e-cb66-32cd-81e2-b9fa8e701f01', 'Morissette Group', '06359 Stiedemann Plain Suite 718\nPort Ju');
INSERT INTO `khachsan` (`maks`, `tenks`, `diachi`) VALUES ('ef93464e-2575-3bd5-83d1-7d5691e576cd', 'Funk-Hamill', '57925 Rose Square\nBaumbachfort, KY 78927');
INSERT INTO `khachsan` (`maks`, `tenks`, `diachi`) VALUES ('f4ac7eab-cd30-321b-96cb-2d35e11dcac8', 'Kreiger-Toy', '036 Macejkovic Summit Suite 560\nNew Taya');
INSERT INTO `khachsan` (`maks`, `tenks`, `diachi`) VALUES ('fb935832-ba68-386c-ac45-9381baee3f14', 'Aufderhar, Rohan and Watsica', '340 Casper Pass\nMaeganchester, MD 67384-');
INSERT INTO `khachsan` (`maks`, `tenks`, `diachi`) VALUES ('fbcf6bd4-114d-37a2-aca6-d69b486a6aaf', 'Runte Ltd', '373 Reyes Viaduct Apt. 176\nEast Toni, MA');
INSERT INTO `khachsan` (`maks`, `tenks`, `diachi`) VALUES ('feff5e06-2abe-3279-883b-e45464b48d5a', 'Murray PLC', '703 Cleve Flats\nNew Brandt, ID 02021');


INSERT INTO `phong` (`sop`, `maks`, `loaip`, `gia`) VALUES ('300', '0690d7e5-49ad-327a-9567-30c0e6f18365', 'L1', 1180118);
INSERT INTO `phong` (`sop`, `maks`, `loaip`, `gia`) VALUES ('303', '892ea353-25f4-3227-83de-75157bb08bf9', 'L3', 285041);
INSERT INTO `phong` (`sop`, `maks`, `loaip`, `gia`) VALUES ('305', 'f4ac7eab-cd30-321b-96cb-2d35e11dcac8', 'L2', 1370879);
INSERT INTO `phong` (`sop`, `maks`, `loaip`, `gia`) VALUES ('306', 'bdd6e7bb-d820-34ee-a3dd-23e3be0f5006', 'L4', 1841020);
INSERT INTO `phong` (`sop`, `maks`, `loaip`, `gia`) VALUES ('308', '04bc349c-23aa-35d9-8cef-b4b42e24213c', 'L3', 198238);
INSERT INTO `phong` (`sop`, `maks`, `loaip`, `gia`) VALUES ('309', '6106a6bf-e2ed-3c38-a519-ee0032b421b8', 'L4', 475739);
INSERT INTO `phong` (`sop`, `maks`, `loaip`, `gia`) VALUES ('310', 'ab8d2d84-c631-3a5d-bc89-3a4c4a66f622', 'L4', 1128983);
INSERT INTO `phong` (`sop`, `maks`, `loaip`, `gia`) VALUES ('315', 'db4da228-7796-3634-92ba-4b2dd7897542', 'L3', 154192);
INSERT INTO `phong` (`sop`, `maks`, `loaip`, `gia`) VALUES ('318', '2c122c62-9b15-3aee-a15d-ecbfe137bd48', 'L4', 1218766);
INSERT INTO `phong` (`sop`, `maks`, `loaip`, `gia`) VALUES ('320', 'b79651dd-300d-3147-9467-2c29054c1bbd', 'L4', 1679341);
INSERT INTO `phong` (`sop`, `maks`, `loaip`, `gia`) VALUES ('321', '7a36c746-c5d5-3154-9a6b-af746036c9ab', 'L4', 1192349);
INSERT INTO `phong` (`sop`, `maks`, `loaip`, `gia`) VALUES ('322', 'd45cbd86-b8b8-3bc9-8e93-5008b8063c22', 'L3', 814979);
INSERT INTO `phong` (`sop`, `maks`, `loaip`, `gia`) VALUES ('326', '82773138-a91a-398c-a2d3-b909e1793cf9', 'L3', 1637635);
INSERT INTO `phong` (`sop`, `maks`, `loaip`, `gia`) VALUES ('330', '10cfe40a-3490-31b4-bdae-308f1795fa4d', 'L2', 1743217);
INSERT INTO `phong` (`sop`, `maks`, `loaip`, `gia`) VALUES ('331', '023efedc-eb34-3c31-b579-72ee1b9a1e39', 'L4', 214618);
INSERT INTO `phong` (`sop`, `maks`, `loaip`, `gia`) VALUES ('332', 'd4053eae-bd77-35d7-81e3-3018e45d6d03', 'L4', 137410);
INSERT INTO `phong` (`sop`, `maks`, `loaip`, `gia`) VALUES ('334', 'd8e02a3e-12bc-3963-bb64-25160e9e701a', 'L4', 1361752);
INSERT INTO `phong` (`sop`, `maks`, `loaip`, `gia`) VALUES ('337', 'bcda0f0c-d63d-3221-93fc-4aaa84f9bef4', 'L4', 1056936);
INSERT INTO `phong` (`sop`, `maks`, `loaip`, `gia`) VALUES ('340', 'fb935832-ba68-386c-ac45-9381baee3f14', 'L4', 278932);
INSERT INTO `phong` (`sop`, `maks`, `loaip`, `gia`) VALUES ('342', '4cc941ce-992c-3058-a793-f5f9d3f05766', 'L4', 245202);
INSERT INTO `phong` (`sop`, `maks`, `loaip`, `gia`) VALUES ('343', 'ef93464e-2575-3bd5-83d1-7d5691e576cd', 'L2', 379147);
INSERT INTO `phong` (`sop`, `maks`, `loaip`, `gia`) VALUES ('345', 'c3da0c16-3060-3f3b-9f97-4f59818cfa34', 'L1', 1274225);
INSERT INTO `phong` (`sop`, `maks`, `loaip`, `gia`) VALUES ('346', '9699a09f-449d-3b78-980f-00b7a300301e', 'L4', 879406);
INSERT INTO `phong` (`sop`, `maks`, `loaip`, `gia`) VALUES ('347', 'a944fbee-88f7-3c01-9e6f-f93241cc371e', 'L2', 909527);
INSERT INTO `phong` (`sop`, `maks`, `loaip`, `gia`) VALUES ('348', '1adcc401-0d2b-31f4-8342-457c74a4ec3a', 'L4', 1417777);
INSERT INTO `phong` (`sop`, `maks`, `loaip`, `gia`) VALUES ('349', 'd15dba74-998f-35bd-b5d5-606aaec496ad', 'L3', 362651);
INSERT INTO `phong` (`sop`, `maks`, `loaip`, `gia`) VALUES ('350', '44789392-4fe7-3404-b1ac-3756b72f98b1', 'L3', 464461);
INSERT INTO `phong` (`sop`, `maks`, `loaip`, `gia`) VALUES ('351', '3ccc8fdc-6cc8-3176-b97b-a3b8341ab95d', 'L3', 463662);
INSERT INTO `phong` (`sop`, `maks`, `loaip`, `gia`) VALUES ('352', 'aa202a6a-5e76-328b-bf50-5e41ee238d49', 'L3', 202586);
INSERT INTO `phong` (`sop`, `maks`, `loaip`, `gia`) VALUES ('354', 'cb46a4b0-a545-31e7-8372-68089cafc344', 'L1', 277007);
INSERT INTO `phong` (`sop`, `maks`, `loaip`, `gia`) VALUES ('356', '3a0fc52d-f24b-3ff4-bb44-a54352f920b1', 'L3', 1119429);
INSERT INTO `phong` (`sop`, `maks`, `loaip`, `gia`) VALUES ('357', '28f4341f-3c50-3ee5-ba66-2663b81f0f22', 'L4', 1251065);
INSERT INTO `phong` (`sop`, `maks`, `loaip`, `gia`) VALUES ('360', '23be692d-56a6-34ed-bf35-ede6fe62402d', 'L3', 473487);
INSERT INTO `phong` (`sop`, `maks`, `loaip`, `gia`) VALUES ('363', 'c397781a-a59d-3a83-b42f-cb553ecfd532', 'L3', 969598);
INSERT INTO `phong` (`sop`, `maks`, `loaip`, `gia`) VALUES ('366', 'e6199a55-c0c6-3ff8-abb2-773f4a3b53c7', 'L2', 1863919);
INSERT INTO `phong` (`sop`, `maks`, `loaip`, `gia`) VALUES ('368', 'aece30ee-9f6a-3aee-bda2-9c8eb55bb659', 'L3', 297937);
INSERT INTO `phong` (`sop`, `maks`, `loaip`, `gia`) VALUES ('369', '8c61ff99-fc7b-37b0-9b41-51df1ea32771', 'L4', 724567);
INSERT INTO `phong` (`sop`, `maks`, `loaip`, `gia`) VALUES ('372', '4211102b-7190-3944-8d41-a3a040bdc236', 'L4', 234194);
INSERT INTO `phong` (`sop`, `maks`, `loaip`, `gia`) VALUES ('373', '7e3e8a5c-7c37-3892-8f6f-9420d1eb6d88', 'L4', 1377177);
INSERT INTO `phong` (`sop`, `maks`, `loaip`, `gia`) VALUES ('380', '129ab3ea-72ca-3757-ad75-0fc86b9e653c', 'L3', 115145);
INSERT INTO `phong` (`sop`, `maks`, `loaip`, `gia`) VALUES ('381', '866513cd-b52b-3667-ab8f-b986dcf4af96', 'L2', 1451555);
INSERT INTO `phong` (`sop`, `maks`, `loaip`, `gia`) VALUES ('383', '17e2c31d-bfba-3ae3-bea9-52630f63fc6b', 'L3', 1098346);
INSERT INTO `phong` (`sop`, `maks`, `loaip`, `gia`) VALUES ('385', '5c9fbc24-89f2-33f0-996e-154b005987f5', 'L1', 1885249);
INSERT INTO `phong` (`sop`, `maks`, `loaip`, `gia`) VALUES ('387', '67bfe178-6270-33a0-b7cb-f19ef02aa614', 'L3', 934484);
INSERT INTO `phong` (`sop`, `maks`, `loaip`, `gia`) VALUES ('388', '2c877541-820b-3497-bf1b-b97b36b1c92c', 'L3', 1331894);
INSERT INTO `phong` (`sop`, `maks`, `loaip`, `gia`) VALUES ('389', '12d9c62e-4008-3557-adcc-95decd7e885f', 'L4', 672416);
INSERT INTO `phong` (`sop`, `maks`, `loaip`, `gia`) VALUES ('390', '751f8a0a-09bf-32ab-b637-64acefbfabb1', 'L3', 1464676);
INSERT INTO `phong` (`sop`, `maks`, `loaip`, `gia`) VALUES ('393', '82546078-1df2-314e-977b-6e6cf67fe27d', 'L1', 452241);
INSERT INTO `phong` (`sop`, `maks`, `loaip`, `gia`) VALUES ('394', 'bc7916a3-ea4b-3b19-82f9-80895c4bf79b', 'L2', 232887);
INSERT INTO `phong` (`sop`, `maks`, `loaip`, `gia`) VALUES ('397', 'd29b043e-fbdd-3ed7-a56b-08b5df095da1', 'L2', 998930);
INSERT INTO `phong` (`sop`, `maks`, `loaip`, `gia`) VALUES ('401', '87342d67-4466-395f-8b80-0b22f35a7f9f', 'L3', 935434);
INSERT INTO `phong` (`sop`, `maks`, `loaip`, `gia`) VALUES ('402', 'c97f51f9-c8ed-33d8-b3b6-86896493aac0', 'L1', 1867260);
INSERT INTO `phong` (`sop`, `maks`, `loaip`, `gia`) VALUES ('405', 'b0992f69-3bd3-3fb4-afc5-eb84a51578ae', 'L3', 1856630);
INSERT INTO `phong` (`sop`, `maks`, `loaip`, `gia`) VALUES ('406', 'c55f47b6-2225-312b-bb6b-2e8e68b38893', 'L2', 326411);
INSERT INTO `phong` (`sop`, `maks`, `loaip`, `gia`) VALUES ('408', 'd934a83b-040a-3fa3-9f83-464d0ae925f3', 'L4', 1815723);
INSERT INTO `phong` (`sop`, `maks`, `loaip`, `gia`) VALUES ('410', '8ec5219e-3bd0-3d56-bd0d-2694d12541bb', 'L1', 1217499);
INSERT INTO `phong` (`sop`, `maks`, `loaip`, `gia`) VALUES ('411', 'b29d985b-b248-30e3-9e6f-ba51eb4c63b3', 'L3', 812203);
INSERT INTO `phong` (`sop`, `maks`, `loaip`, `gia`) VALUES ('413', '80e21683-f4e7-3ce1-86a6-e7685214f0f5', 'L1', 1507064);
INSERT INTO `phong` (`sop`, `maks`, `loaip`, `gia`) VALUES ('415', 'd6499633-091e-3752-b73d-c59c1dd07138', 'L4', 1230876);
INSERT INTO `phong` (`sop`, `maks`, `loaip`, `gia`) VALUES ('418', '13edbbf0-9443-3776-a5b9-5ad6c533db1b', 'L3', 1547084);
INSERT INTO `phong` (`sop`, `maks`, `loaip`, `gia`) VALUES ('425', '5d14081d-2ed4-3387-8806-eff254cad456', 'L4', 1429333);
INSERT INTO `phong` (`sop`, `maks`, `loaip`, `gia`) VALUES ('429', '12806743-f37a-36f2-911c-d1de51d1eba6', 'L3', 565460);
INSERT INTO `phong` (`sop`, `maks`, `loaip`, `gia`) VALUES ('430', 'd67e9aa8-0ae4-36f0-80b7-23b3fca59cf6', 'L4', 197624);
INSERT INTO `phong` (`sop`, `maks`, `loaip`, `gia`) VALUES ('431', '7ace7423-424e-3f5f-9fa6-9b64cb1d1be8', 'L1', 917866);
INSERT INTO `phong` (`sop`, `maks`, `loaip`, `gia`) VALUES ('434', '4d0dd2bc-ffde-3ee9-83ee-1f5725947022', 'L4', 1101297);
INSERT INTO `phong` (`sop`, `maks`, `loaip`, `gia`) VALUES ('436', 'bed8270f-ca29-3a84-bcd6-b9c495d29117', 'L4', 129130);
INSERT INTO `phong` (`sop`, `maks`, `loaip`, `gia`) VALUES ('437', 'a608a76e-7417-3ddd-a547-377abdef8ab0', 'L2', 246174);
INSERT INTO `phong` (`sop`, `maks`, `loaip`, `gia`) VALUES ('440', '693b4af1-3e16-374d-a97a-657d59a05f51', 'L3', 1645143);
INSERT INTO `phong` (`sop`, `maks`, `loaip`, `gia`) VALUES ('441', '14096ae1-f0a6-38b1-8b29-714f89f95c26', 'L1', 857970);
INSERT INTO `phong` (`sop`, `maks`, `loaip`, `gia`) VALUES ('443', '58cc7efb-284b-3f84-9304-7a6628cb51a8', 'L3', 1328082);
INSERT INTO `phong` (`sop`, `maks`, `loaip`, `gia`) VALUES ('444', '24ce3904-66ca-3012-b956-3a0f6a8144ec', 'L1', 420005);
INSERT INTO `phong` (`sop`, `maks`, `loaip`, `gia`) VALUES ('446', 'ca4eb150-480e-33da-b247-19d1f0c64862', 'L1', 1041037);
INSERT INTO `phong` (`sop`, `maks`, `loaip`, `gia`) VALUES ('447', '370a995e-d062-3a41-ae7e-2157764ccf1e', 'L2', 1521170);
INSERT INTO `phong` (`sop`, `maks`, `loaip`, `gia`) VALUES ('448', '74b1db63-2688-3702-ac25-99d48d19ba8c', 'L3', 1077610);
INSERT INTO `phong` (`sop`, `maks`, `loaip`, `gia`) VALUES ('449', 'fbcf6bd4-114d-37a2-aca6-d69b486a6aaf', 'L1', 497012);
INSERT INTO `phong` (`sop`, `maks`, `loaip`, `gia`) VALUES ('452', 'e7cc7ae3-7fca-3baa-a333-4211f1db14b4', 'L4', 912523);
INSERT INTO `phong` (`sop`, `maks`, `loaip`, `gia`) VALUES ('456', '3fb34bfd-31f4-3a10-b072-732215db3099', 'L2', 1866893);
INSERT INTO `phong` (`sop`, `maks`, `loaip`, `gia`) VALUES ('462', 'daded5bb-699f-3114-90a0-4874690d6209', 'L3', 239583);
INSERT INTO `phong` (`sop`, `maks`, `loaip`, `gia`) VALUES ('463', 'ef13744e-cb66-32cd-81e2-b9fa8e701f01', 'L2', 1100857);
INSERT INTO `phong` (`sop`, `maks`, `loaip`, `gia`) VALUES ('466', 'ee059902-1b48-344a-855a-54bb3418577a', 'L1', 1957981);
INSERT INTO `phong` (`sop`, `maks`, `loaip`, `gia`) VALUES ('467', '8578c4e2-7eed-396f-af60-17ef52ae673a', 'L1', 190943);
INSERT INTO `phong` (`sop`, `maks`, `loaip`, `gia`) VALUES ('469', '18732625-1aab-3ec8-be7d-975ae733ac9b', 'L3', 721799);
INSERT INTO `phong` (`sop`, `maks`, `loaip`, `gia`) VALUES ('470', 'd992d7b8-78e1-38ae-ad64-b45bc5dedb95', 'L3', 116563);
INSERT INTO `phong` (`sop`, `maks`, `loaip`, `gia`) VALUES ('472', 'ae517696-f4be-3741-ab91-bbbf02262c34', 'L2', 1273716);
INSERT INTO `phong` (`sop`, `maks`, `loaip`, `gia`) VALUES ('473', 'b18fba78-8bf7-32be-874f-c5b835d3c7b9', 'L2', 857594);
INSERT INTO `phong` (`sop`, `maks`, `loaip`, `gia`) VALUES ('474', '1d5b9dd5-9faf-323c-8f6a-c6a0eceee526', 'L4', 1129775);
INSERT INTO `phong` (`sop`, `maks`, `loaip`, `gia`) VALUES ('475', 'bddb8d9d-604e-3333-8885-d815d90ef0ed', 'L3', 151321);
INSERT INTO `phong` (`sop`, `maks`, `loaip`, `gia`) VALUES ('479', 'ed8251f0-a542-32b9-96e2-b766bb93e1de', 'L4', 378242);
INSERT INTO `phong` (`sop`, `maks`, `loaip`, `gia`) VALUES ('480', 'feff5e06-2abe-3279-883b-e45464b48d5a', 'L2', 385101);
INSERT INTO `phong` (`sop`, `maks`, `loaip`, `gia`) VALUES ('483', '50769ba5-f60e-3880-97d2-4e2c4f413cf8', 'L2', 1337522);
INSERT INTO `phong` (`sop`, `maks`, `loaip`, `gia`) VALUES ('484', '8a308c69-0eed-3273-ac16-1b774b8c3e92', 'L1', 673044);
INSERT INTO `phong` (`sop`, `maks`, `loaip`, `gia`) VALUES ('486', 'bf30eef4-68a2-3c5c-8a3e-561d2967b8ac', 'L4', 1192038);
INSERT INTO `phong` (`sop`, `maks`, `loaip`, `gia`) VALUES ('487', 'b27127d0-a955-3a6e-8db6-930f31810a6a', 'L2', 144998);
INSERT INTO `phong` (`sop`, `maks`, `loaip`, `gia`) VALUES ('490', 'b8ef7bab-6b4b-34f0-bdef-d7820b976b82', 'L2', 104774);
INSERT INTO `phong` (`sop`, `maks`, `loaip`, `gia`) VALUES ('493', '0e0a7264-66e7-3b70-8da4-e5674c700354', 'L1', 1966133);
INSERT INTO `phong` (`sop`, `maks`, `loaip`, `gia`) VALUES ('494', 'c4fa26d0-5ac4-36de-822a-48ccd6a88b48', 'L1', 361601);
INSERT INTO `phong` (`sop`, `maks`, `loaip`, `gia`) VALUES ('496', '673a69ff-06eb-31fa-a12b-be56971e4f16', 'L3', 1199550);
INSERT INTO `phong` (`sop`, `maks`, `loaip`, `gia`) VALUES ('497', '0235634b-4db9-3ccf-ace5-bedb94ae1022', 'L1', 1094436);
INSERT INTO `phong` (`sop`, `maks`, `loaip`, `gia`) VALUES ('499', 'e7a5da4a-9103-3ff1-b641-5dba9be36b0e', 'L1', 241009);
INSERT INTO `phong` (`sop`, `maks`, `loaip`, `gia`) VALUES ('500', 'c0c056d3-e601-3cc7-adb0-721e0ec8c925', 'L3', 749291);












INSERT INTO `datphong` (`maks`, `makhach`, `ngaynhan`, `ngaytra`, `sop`) VALUES ('0235634b-4db9-3ccf-ace5-bedb94ae1022', '00374d22-4ddf-33b6-849e-aba73e44252b', '1978-06-24', '1985-01-29', '452');
INSERT INTO `datphong` (`maks`, `makhach`, `ngaynhan`, `ngaytra`, `sop`) VALUES ('0235634b-4db9-3ccf-ace5-bedb94ae1022', '00374d22-4ddf-33b6-849e-aba73e44252b', '1982-07-07', '1987-07-30', '431');
INSERT INTO `datphong` (`maks`, `makhach`, `ngaynhan`, `ngaytra`, `sop`) VALUES ('0235634b-4db9-3ccf-ace5-bedb94ae1022', '00374d22-4ddf-33b6-849e-aba73e44252b', '1985-04-07', '2004-06-05', '334');
INSERT INTO `datphong` (`maks`, `makhach`, `ngaynhan`, `ngaytra`, `sop`) VALUES ('0235634b-4db9-3ccf-ace5-bedb94ae1022', '00374d22-4ddf-33b6-849e-aba73e44252b', '1989-06-09', '2017-04-09', '457');
INSERT INTO `datphong` (`maks`, `makhach`, `ngaynhan`, `ngaytra`, `sop`) VALUES ('0235634b-4db9-3ccf-ace5-bedb94ae1022', '00374d22-4ddf-33b6-849e-aba73e44252b', '1989-08-03', '1973-12-08', '334');
INSERT INTO `datphong` (`maks`, `makhach`, `ngaynhan`, `ngaytra`, `sop`) VALUES ('0235634b-4db9-3ccf-ace5-bedb94ae1022', '00374d22-4ddf-33b6-849e-aba73e44252b', '1990-04-26', '2001-10-06', '468');
INSERT INTO `datphong` (`maks`, `makhach`, `ngaynhan`, `ngaytra`, `sop`) VALUES ('0235634b-4db9-3ccf-ace5-bedb94ae1022', '00374d22-4ddf-33b6-849e-aba73e44252b', '1997-08-30', '2013-08-25', '320');
INSERT INTO `datphong` (`maks`, `makhach`, `ngaynhan`, `ngaytra`, `sop`) VALUES ('0235634b-4db9-3ccf-ace5-bedb94ae1022', '00374d22-4ddf-33b6-849e-aba73e44252b', '1998-08-15', '1997-02-18', '444');
INSERT INTO `datphong` (`maks`, `makhach`, `ngaynhan`, `ngaytra`, `sop`) VALUES ('0235634b-4db9-3ccf-ace5-bedb94ae1022', '00374d22-4ddf-33b6-849e-aba73e44252b', '2009-05-21', '2012-12-28', '421');
INSERT INTO `datphong` (`maks`, `makhach`, `ngaynhan`, `ngaytra`, `sop`) VALUES ('0235634b-4db9-3ccf-ace5-bedb94ae1022', '00374d22-4ddf-33b6-849e-aba73e44252b', '2019-07-18', '2006-09-19', '474');
INSERT INTO `datphong` (`maks`, `makhach`, `ngaynhan`, `ngaytra`, `sop`) VALUES ('023efedc-eb34-3c31-b579-72ee1b9a1e39', '04e1a6fd-ea4c-30a2-82f1-d5fd2f43ec13', '1973-03-31', '1977-09-19', '429');
INSERT INTO `datphong` (`maks`, `makhach`, `ngaynhan`, `ngaytra`, `sop`) VALUES ('023efedc-eb34-3c31-b579-72ee1b9a1e39', '04e1a6fd-ea4c-30a2-82f1-d5fd2f43ec13', '1973-05-26', '1975-11-16', '471');
INSERT INTO `datphong` (`maks`, `makhach`, `ngaynhan`, `ngaytra`, `sop`) VALUES ('023efedc-eb34-3c31-b579-72ee1b9a1e39', '04e1a6fd-ea4c-30a2-82f1-d5fd2f43ec13', '1975-09-01', '2007-01-31', '459');
INSERT INTO `datphong` (`maks`, `makhach`, `ngaynhan`, `ngaytra`, `sop`) VALUES ('023efedc-eb34-3c31-b579-72ee1b9a1e39', '04e1a6fd-ea4c-30a2-82f1-d5fd2f43ec13', '1976-08-03', '1971-08-26', '423');
INSERT INTO `datphong` (`maks`, `makhach`, `ngaynhan`, `ngaytra`, `sop`) VALUES ('023efedc-eb34-3c31-b579-72ee1b9a1e39', '04e1a6fd-ea4c-30a2-82f1-d5fd2f43ec13', '1978-11-19', '1982-05-02', '332');
INSERT INTO `datphong` (`maks`, `makhach`, `ngaynhan`, `ngaytra`, `sop`) VALUES ('023efedc-eb34-3c31-b579-72ee1b9a1e39', '04e1a6fd-ea4c-30a2-82f1-d5fd2f43ec13', '1981-03-01', '1996-04-24', '400');
INSERT INTO `datphong` (`maks`, `makhach`, `ngaynhan`, `ngaytra`, `sop`) VALUES ('023efedc-eb34-3c31-b579-72ee1b9a1e39', '04e1a6fd-ea4c-30a2-82f1-d5fd2f43ec13', '1985-07-31', '1986-08-18', '434');
INSERT INTO `datphong` (`maks`, `makhach`, `ngaynhan`, `ngaytra`, `sop`) VALUES ('023efedc-eb34-3c31-b579-72ee1b9a1e39', '04e1a6fd-ea4c-30a2-82f1-d5fd2f43ec13', '1996-02-13', '1990-12-06', '316');
INSERT INTO `datphong` (`maks`, `makhach`, `ngaynhan`, `ngaytra`, `sop`) VALUES ('023efedc-eb34-3c31-b579-72ee1b9a1e39', '04e1a6fd-ea4c-30a2-82f1-d5fd2f43ec13', '2000-03-10', '1994-07-21', '362');
INSERT INTO `datphong` (`maks`, `makhach`, `ngaynhan`, `ngaytra`, `sop`) VALUES ('023efedc-eb34-3c31-b579-72ee1b9a1e39', '04e1a6fd-ea4c-30a2-82f1-d5fd2f43ec13', '2001-05-18', '1989-08-27', '487');
INSERT INTO `datphong` (`maks`, `makhach`, `ngaynhan`, `ngaytra`, `sop`) VALUES ('04bc349c-23aa-35d9-8cef-b4b42e24213c', '05ae1474-1e22-3d81-97b2-c936a6b7ae46', '1970-10-19', '1999-11-06', '400');
INSERT INTO `datphong` (`maks`, `makhach`, `ngaynhan`, `ngaytra`, `sop`) VALUES ('04bc349c-23aa-35d9-8cef-b4b42e24213c', '05ae1474-1e22-3d81-97b2-c936a6b7ae46', '1985-04-11', '2001-06-09', '494');
INSERT INTO `datphong` (`maks`, `makhach`, `ngaynhan`, `ngaytra`, `sop`) VALUES ('04bc349c-23aa-35d9-8cef-b4b42e24213c', '05ae1474-1e22-3d81-97b2-c936a6b7ae46', '2011-02-26', '1985-09-08', '398');
INSERT INTO `datphong` (`maks`, `makhach`, `ngaynhan`, `ngaytra`, `sop`) VALUES ('04bc349c-23aa-35d9-8cef-b4b42e24213c', '05ae1474-1e22-3d81-97b2-c936a6b7ae46', '2011-06-22', '1979-12-20', '427');
INSERT INTO `datphong` (`maks`, `makhach`, `ngaynhan`, `ngaytra`, `sop`) VALUES ('04bc349c-23aa-35d9-8cef-b4b42e24213c', '05ae1474-1e22-3d81-97b2-c936a6b7ae46', '2011-06-24', '1975-08-24', '304');
INSERT INTO `datphong` (`maks`, `makhach`, `ngaynhan`, `ngaytra`, `sop`) VALUES ('04bc349c-23aa-35d9-8cef-b4b42e24213c', '05ae1474-1e22-3d81-97b2-c936a6b7ae46', '2011-11-11', '2010-08-31', '445');
INSERT INTO `datphong` (`maks`, `makhach`, `ngaynhan`, `ngaytra`, `sop`) VALUES ('04bc349c-23aa-35d9-8cef-b4b42e24213c', '05ae1474-1e22-3d81-97b2-c936a6b7ae46', '2013-10-27', '1993-05-02', '406');
INSERT INTO `datphong` (`maks`, `makhach`, `ngaynhan`, `ngaytra`, `sop`) VALUES ('04bc349c-23aa-35d9-8cef-b4b42e24213c', '05ae1474-1e22-3d81-97b2-c936a6b7ae46', '2015-04-26', '1995-05-15', '395');
INSERT INTO `datphong` (`maks`, `makhach`, `ngaynhan`, `ngaytra`, `sop`) VALUES ('04bc349c-23aa-35d9-8cef-b4b42e24213c', '05ae1474-1e22-3d81-97b2-c936a6b7ae46', '2015-08-03', '2019-03-09', '311');
INSERT INTO `datphong` (`maks`, `makhach`, `ngaynhan`, `ngaytra`, `sop`) VALUES ('04bc349c-23aa-35d9-8cef-b4b42e24213c', '05ae1474-1e22-3d81-97b2-c936a6b7ae46', '2016-02-16', '1985-04-05', '316');
INSERT INTO `datphong` (`maks`, `makhach`, `ngaynhan`, `ngaytra`, `sop`) VALUES ('0690d7e5-49ad-327a-9567-30c0e6f18365', '06c590e0-5a09-3c77-a35b-0a47ef7df129', '1972-01-31', '2008-09-11', '448');
INSERT INTO `datphong` (`maks`, `makhach`, `ngaynhan`, `ngaytra`, `sop`) VALUES ('0690d7e5-49ad-327a-9567-30c0e6f18365', '06c590e0-5a09-3c77-a35b-0a47ef7df129', '1972-10-18', '1995-06-23', '334');
INSERT INTO `datphong` (`maks`, `makhach`, `ngaynhan`, `ngaytra`, `sop`) VALUES ('0690d7e5-49ad-327a-9567-30c0e6f18365', '06c590e0-5a09-3c77-a35b-0a47ef7df129', '1978-11-18', '1993-02-14', '348');
INSERT INTO `datphong` (`maks`, `makhach`, `ngaynhan`, `ngaytra`, `sop`) VALUES ('0690d7e5-49ad-327a-9567-30c0e6f18365', '06c590e0-5a09-3c77-a35b-0a47ef7df129', '1984-12-23', '1977-07-24', '497');
INSERT INTO `datphong` (`maks`, `makhach`, `ngaynhan`, `ngaytra`, `sop`) VALUES ('0690d7e5-49ad-327a-9567-30c0e6f18365', '06c590e0-5a09-3c77-a35b-0a47ef7df129', '1987-04-11', '1985-12-19', '389');
INSERT INTO `datphong` (`maks`, `makhach`, `ngaynhan`, `ngaytra`, `sop`) VALUES ('0690d7e5-49ad-327a-9567-30c0e6f18365', '06c590e0-5a09-3c77-a35b-0a47ef7df129', '1996-10-14', '1992-08-31', '459');
INSERT INTO `datphong` (`maks`, `makhach`, `ngaynhan`, `ngaytra`, `sop`) VALUES ('0690d7e5-49ad-327a-9567-30c0e6f18365', '06c590e0-5a09-3c77-a35b-0a47ef7df129', '2002-12-13', '1993-02-28', '333');
INSERT INTO `datphong` (`maks`, `makhach`, `ngaynhan`, `ngaytra`, `sop`) VALUES ('0690d7e5-49ad-327a-9567-30c0e6f18365', '06c590e0-5a09-3c77-a35b-0a47ef7df129', '2012-12-30', '2015-06-27', '379');
INSERT INTO `datphong` (`maks`, `makhach`, `ngaynhan`, `ngaytra`, `sop`) VALUES ('0690d7e5-49ad-327a-9567-30c0e6f18365', '06c590e0-5a09-3c77-a35b-0a47ef7df129', '2013-12-13', '1992-01-09', '417');
INSERT INTO `datphong` (`maks`, `makhach`, `ngaynhan`, `ngaytra`, `sop`) VALUES ('0690d7e5-49ad-327a-9567-30c0e6f18365', '06c590e0-5a09-3c77-a35b-0a47ef7df129', '2017-03-21', '2007-05-30', '388');
INSERT INTO `datphong` (`maks`, `makhach`, `ngaynhan`, `ngaytra`, `sop`) VALUES ('0e0a7264-66e7-3b70-8da4-e5674c700354', '088e5df8-5b80-3308-b4f2-b49c2a6c5dd9', '1976-12-03', '2008-06-02', '432');
INSERT INTO `datphong` (`maks`, `makhach`, `ngaynhan`, `ngaytra`, `sop`) VALUES ('0e0a7264-66e7-3b70-8da4-e5674c700354', '088e5df8-5b80-3308-b4f2-b49c2a6c5dd9', '1977-04-02', '1978-02-12', '488');
INSERT INTO `datphong` (`maks`, `makhach`, `ngaynhan`, `ngaytra`, `sop`) VALUES ('0e0a7264-66e7-3b70-8da4-e5674c700354', '088e5df8-5b80-3308-b4f2-b49c2a6c5dd9', '1978-09-11', '1980-01-23', '354');
INSERT INTO `datphong` (`maks`, `makhach`, `ngaynhan`, `ngaytra`, `sop`) VALUES ('0e0a7264-66e7-3b70-8da4-e5674c700354', '088e5df8-5b80-3308-b4f2-b49c2a6c5dd9', '1985-04-02', '1999-10-14', '437');
INSERT INTO `datphong` (`maks`, `makhach`, `ngaynhan`, `ngaytra`, `sop`) VALUES ('0e0a7264-66e7-3b70-8da4-e5674c700354', '088e5df8-5b80-3308-b4f2-b49c2a6c5dd9', '1992-03-10', '1999-03-22', '340');
INSERT INTO `datphong` (`maks`, `makhach`, `ngaynhan`, `ngaytra`, `sop`) VALUES ('0e0a7264-66e7-3b70-8da4-e5674c700354', '088e5df8-5b80-3308-b4f2-b49c2a6c5dd9', '2002-10-30', '2017-03-30', '487');
INSERT INTO `datphong` (`maks`, `makhach`, `ngaynhan`, `ngaytra`, `sop`) VALUES ('0e0a7264-66e7-3b70-8da4-e5674c700354', '088e5df8-5b80-3308-b4f2-b49c2a6c5dd9', '2003-03-11', '1985-07-03', '359');
INSERT INTO `datphong` (`maks`, `makhach`, `ngaynhan`, `ngaytra`, `sop`) VALUES ('0e0a7264-66e7-3b70-8da4-e5674c700354', '088e5df8-5b80-3308-b4f2-b49c2a6c5dd9', '2003-12-23', '1997-05-02', '439');
INSERT INTO `datphong` (`maks`, `makhach`, `ngaynhan`, `ngaytra`, `sop`) VALUES ('0e0a7264-66e7-3b70-8da4-e5674c700354', '088e5df8-5b80-3308-b4f2-b49c2a6c5dd9', '2006-03-18', '1977-12-24', '307');
INSERT INTO `datphong` (`maks`, `makhach`, `ngaynhan`, `ngaytra`, `sop`) VALUES ('0e0a7264-66e7-3b70-8da4-e5674c700354', '088e5df8-5b80-3308-b4f2-b49c2a6c5dd9', '2006-11-11', '2018-10-31', '431');
INSERT INTO `datphong` (`maks`, `makhach`, `ngaynhan`, `ngaytra`, `sop`) VALUES ('10cfe40a-3490-31b4-bdae-308f1795fa4d', '0bfd3111-7612-33cf-a883-602c57efcc90', '1982-05-18', '1992-06-20', '467');
INSERT INTO `datphong` (`maks`, `makhach`, `ngaynhan`, `ngaytra`, `sop`) VALUES ('10cfe40a-3490-31b4-bdae-308f1795fa4d', '0bfd3111-7612-33cf-a883-602c57efcc90', '1991-04-08', '2004-09-12', '414');
INSERT INTO `datphong` (`maks`, `makhach`, `ngaynhan`, `ngaytra`, `sop`) VALUES ('10cfe40a-3490-31b4-bdae-308f1795fa4d', '0bfd3111-7612-33cf-a883-602c57efcc90', '1991-07-12', '1982-03-04', '498');
INSERT INTO `datphong` (`maks`, `makhach`, `ngaynhan`, `ngaytra`, `sop`) VALUES ('10cfe40a-3490-31b4-bdae-308f1795fa4d', '0bfd3111-7612-33cf-a883-602c57efcc90', '1995-10-06', '1997-10-29', '348');
INSERT INTO `datphong` (`maks`, `makhach`, `ngaynhan`, `ngaytra`, `sop`) VALUES ('10cfe40a-3490-31b4-bdae-308f1795fa4d', '0bfd3111-7612-33cf-a883-602c57efcc90', '1997-03-20', '1986-06-11', '442');
INSERT INTO `datphong` (`maks`, `makhach`, `ngaynhan`, `ngaytra`, `sop`) VALUES ('10cfe40a-3490-31b4-bdae-308f1795fa4d', '0bfd3111-7612-33cf-a883-602c57efcc90', '2001-10-07', '1997-07-13', '467');
INSERT INTO `datphong` (`maks`, `makhach`, `ngaynhan`, `ngaytra`, `sop`) VALUES ('10cfe40a-3490-31b4-bdae-308f1795fa4d', '0bfd3111-7612-33cf-a883-602c57efcc90', '2008-04-29', '1991-08-19', '330');
INSERT INTO `datphong` (`maks`, `makhach`, `ngaynhan`, `ngaytra`, `sop`) VALUES ('10cfe40a-3490-31b4-bdae-308f1795fa4d', '0bfd3111-7612-33cf-a883-602c57efcc90', '2017-07-14', '1989-06-25', '331');
INSERT INTO `datphong` (`maks`, `makhach`, `ngaynhan`, `ngaytra`, `sop`) VALUES ('10cfe40a-3490-31b4-bdae-308f1795fa4d', '0bfd3111-7612-33cf-a883-602c57efcc90', '2017-10-11', '1972-11-26', '394');
INSERT INTO `datphong` (`maks`, `makhach`, `ngaynhan`, `ngaytra`, `sop`) VALUES ('10cfe40a-3490-31b4-bdae-308f1795fa4d', '0bfd3111-7612-33cf-a883-602c57efcc90', '2020-02-26', '2016-06-28', '353');
INSERT INTO `datphong` (`maks`, `makhach`, `ngaynhan`, `ngaytra`, `sop`) VALUES ('12806743-f37a-36f2-911c-d1de51d1eba6', '10280f47-b6b7-35e6-af2e-063bb0968e70', '1971-01-03', '2013-10-26', '347');
INSERT INTO `datphong` (`maks`, `makhach`, `ngaynhan`, `ngaytra`, `sop`) VALUES ('12806743-f37a-36f2-911c-d1de51d1eba6', '10280f47-b6b7-35e6-af2e-063bb0968e70', '1977-08-05', '1980-06-23', '328');
INSERT INTO `datphong` (`maks`, `makhach`, `ngaynhan`, `ngaytra`, `sop`) VALUES ('12806743-f37a-36f2-911c-d1de51d1eba6', '10280f47-b6b7-35e6-af2e-063bb0968e70', '1986-04-08', '1997-03-29', '466');
INSERT INTO `datphong` (`maks`, `makhach`, `ngaynhan`, `ngaytra`, `sop`) VALUES ('12806743-f37a-36f2-911c-d1de51d1eba6', '10280f47-b6b7-35e6-af2e-063bb0968e70', '1986-05-22', '1992-01-06', '480');
INSERT INTO `datphong` (`maks`, `makhach`, `ngaynhan`, `ngaytra`, `sop`) VALUES ('12806743-f37a-36f2-911c-d1de51d1eba6', '10280f47-b6b7-35e6-af2e-063bb0968e70', '1990-03-10', '1989-05-19', '393');
INSERT INTO `datphong` (`maks`, `makhach`, `ngaynhan`, `ngaytra`, `sop`) VALUES ('12806743-f37a-36f2-911c-d1de51d1eba6', '10280f47-b6b7-35e6-af2e-063bb0968e70', '1992-08-07', '1986-04-29', '346');
INSERT INTO `datphong` (`maks`, `makhach`, `ngaynhan`, `ngaytra`, `sop`) VALUES ('12806743-f37a-36f2-911c-d1de51d1eba6', '10280f47-b6b7-35e6-af2e-063bb0968e70', '2000-09-08', '2013-05-10', '358');
INSERT INTO `datphong` (`maks`, `makhach`, `ngaynhan`, `ngaytra`, `sop`) VALUES ('12806743-f37a-36f2-911c-d1de51d1eba6', '10280f47-b6b7-35e6-af2e-063bb0968e70', '2007-03-08', '1971-03-07', '324');
INSERT INTO `datphong` (`maks`, `makhach`, `ngaynhan`, `ngaytra`, `sop`) VALUES ('12806743-f37a-36f2-911c-d1de51d1eba6', '10280f47-b6b7-35e6-af2e-063bb0968e70', '2007-11-17', '2007-05-06', '322');
INSERT INTO `datphong` (`maks`, `makhach`, `ngaynhan`, `ngaytra`, `sop`) VALUES ('12806743-f37a-36f2-911c-d1de51d1eba6', '10280f47-b6b7-35e6-af2e-063bb0968e70', '2017-08-18', '2012-06-03', '492');
INSERT INTO `datphong` (`maks`, `makhach`, `ngaynhan`, `ngaytra`, `sop`) VALUES ('129ab3ea-72ca-3757-ad75-0fc86b9e653c', '1036c4e7-0049-35db-bb12-c84585a4cf5f', '1971-09-11', '1988-04-22', '423');
INSERT INTO `datphong` (`maks`, `makhach`, `ngaynhan`, `ngaytra`, `sop`) VALUES ('129ab3ea-72ca-3757-ad75-0fc86b9e653c', '1036c4e7-0049-35db-bb12-c84585a4cf5f', '1973-07-24', '1984-06-11', '448');
INSERT INTO `datphong` (`maks`, `makhach`, `ngaynhan`, `ngaytra`, `sop`) VALUES ('129ab3ea-72ca-3757-ad75-0fc86b9e653c', '1036c4e7-0049-35db-bb12-c84585a4cf5f', '1978-06-08', '1990-06-23', '321');
INSERT INTO `datphong` (`maks`, `makhach`, `ngaynhan`, `ngaytra`, `sop`) VALUES ('129ab3ea-72ca-3757-ad75-0fc86b9e653c', '1036c4e7-0049-35db-bb12-c84585a4cf5f', '1989-05-16', '2003-06-16', '421');
INSERT INTO `datphong` (`maks`, `makhach`, `ngaynhan`, `ngaytra`, `sop`) VALUES ('129ab3ea-72ca-3757-ad75-0fc86b9e653c', '1036c4e7-0049-35db-bb12-c84585a4cf5f', '1998-10-11', '1972-07-18', '407');
INSERT INTO `datphong` (`maks`, `makhach`, `ngaynhan`, `ngaytra`, `sop`) VALUES ('129ab3ea-72ca-3757-ad75-0fc86b9e653c', '1036c4e7-0049-35db-bb12-c84585a4cf5f', '2004-04-19', '1979-08-18', '398');
INSERT INTO `datphong` (`maks`, `makhach`, `ngaynhan`, `ngaytra`, `sop`) VALUES ('129ab3ea-72ca-3757-ad75-0fc86b9e653c', '1036c4e7-0049-35db-bb12-c84585a4cf5f', '2008-07-14', '2007-09-06', '328');
INSERT INTO `datphong` (`maks`, `makhach`, `ngaynhan`, `ngaytra`, `sop`) VALUES ('129ab3ea-72ca-3757-ad75-0fc86b9e653c', '1036c4e7-0049-35db-bb12-c84585a4cf5f', '2012-02-04', '1975-06-19', '311');
INSERT INTO `datphong` (`maks`, `makhach`, `ngaynhan`, `ngaytra`, `sop`) VALUES ('129ab3ea-72ca-3757-ad75-0fc86b9e653c', '1036c4e7-0049-35db-bb12-c84585a4cf5f', '2014-10-12', '2008-05-16', '382');
INSERT INTO `datphong` (`maks`, `makhach`, `ngaynhan`, `ngaytra`, `sop`) VALUES ('129ab3ea-72ca-3757-ad75-0fc86b9e653c', '1036c4e7-0049-35db-bb12-c84585a4cf5f', '2017-08-03', '1996-02-23', '325');
INSERT INTO `datphong` (`maks`, `makhach`, `ngaynhan`, `ngaytra`, `sop`) VALUES ('12d9c62e-4008-3557-adcc-95decd7e885f', '10ada8df-1bd0-3b50-a1a7-b847d85b80ba', '1975-03-24', '2001-03-09', '380');
INSERT INTO `datphong` (`maks`, `makhach`, `ngaynhan`, `ngaytra`, `sop`) VALUES ('12d9c62e-4008-3557-adcc-95decd7e885f', '10ada8df-1bd0-3b50-a1a7-b847d85b80ba', '1977-08-19', '1987-06-23', '311');
INSERT INTO `datphong` (`maks`, `makhach`, `ngaynhan`, `ngaytra`, `sop`) VALUES ('12d9c62e-4008-3557-adcc-95decd7e885f', '10ada8df-1bd0-3b50-a1a7-b847d85b80ba', '1988-05-30', '1971-11-06', '339');
INSERT INTO `datphong` (`maks`, `makhach`, `ngaynhan`, `ngaytra`, `sop`) VALUES ('12d9c62e-4008-3557-adcc-95decd7e885f', '10ada8df-1bd0-3b50-a1a7-b847d85b80ba', '1991-05-22', '1975-03-02', '394');
INSERT INTO `datphong` (`maks`, `makhach`, `ngaynhan`, `ngaytra`, `sop`) VALUES ('12d9c62e-4008-3557-adcc-95decd7e885f', '10ada8df-1bd0-3b50-a1a7-b847d85b80ba', '1991-08-19', '1981-07-30', '310');
INSERT INTO `datphong` (`maks`, `makhach`, `ngaynhan`, `ngaytra`, `sop`) VALUES ('12d9c62e-4008-3557-adcc-95decd7e885f', '10ada8df-1bd0-3b50-a1a7-b847d85b80ba', '1996-05-20', '1980-04-21', '410');
INSERT INTO `datphong` (`maks`, `makhach`, `ngaynhan`, `ngaytra`, `sop`) VALUES ('12d9c62e-4008-3557-adcc-95decd7e885f', '10ada8df-1bd0-3b50-a1a7-b847d85b80ba', '1997-06-19', '1975-02-09', '497');
INSERT INTO `datphong` (`maks`, `makhach`, `ngaynhan`, `ngaytra`, `sop`) VALUES ('12d9c62e-4008-3557-adcc-95decd7e885f', '10ada8df-1bd0-3b50-a1a7-b847d85b80ba', '2001-08-09', '1978-03-30', '468');
INSERT INTO `datphong` (`maks`, `makhach`, `ngaynhan`, `ngaytra`, `sop`) VALUES ('12d9c62e-4008-3557-adcc-95decd7e885f', '10ada8df-1bd0-3b50-a1a7-b847d85b80ba', '2006-02-16', '2008-08-08', '306');
INSERT INTO `datphong` (`maks`, `makhach`, `ngaynhan`, `ngaytra`, `sop`) VALUES ('12d9c62e-4008-3557-adcc-95decd7e885f', '10ada8df-1bd0-3b50-a1a7-b847d85b80ba', '2015-12-02', '1992-09-14', '373');
INSERT INTO `datphong` (`maks`, `makhach`, `ngaynhan`, `ngaytra`, `sop`) VALUES ('13edbbf0-9443-3776-a5b9-5ad6c533db1b', '11643485-e2a0-37d1-8152-1b3e11df5090', '1973-04-04', '2000-12-30', '315');
INSERT INTO `datphong` (`maks`, `makhach`, `ngaynhan`, `ngaytra`, `sop`) VALUES ('13edbbf0-9443-3776-a5b9-5ad6c533db1b', '11643485-e2a0-37d1-8152-1b3e11df5090', '1975-08-21', '1975-02-28', '426');
INSERT INTO `datphong` (`maks`, `makhach`, `ngaynhan`, `ngaytra`, `sop`) VALUES ('13edbbf0-9443-3776-a5b9-5ad6c533db1b', '11643485-e2a0-37d1-8152-1b3e11df5090', '1981-02-05', '2003-04-27', '381');
INSERT INTO `datphong` (`maks`, `makhach`, `ngaynhan`, `ngaytra`, `sop`) VALUES ('13edbbf0-9443-3776-a5b9-5ad6c533db1b', '11643485-e2a0-37d1-8152-1b3e11df5090', '1985-05-12', '2000-12-25', '425');
INSERT INTO `datphong` (`maks`, `makhach`, `ngaynhan`, `ngaytra`, `sop`) VALUES ('13edbbf0-9443-3776-a5b9-5ad6c533db1b', '11643485-e2a0-37d1-8152-1b3e11df5090', '1989-05-10', '1979-01-18', '374');
INSERT INTO `datphong` (`maks`, `makhach`, `ngaynhan`, `ngaytra`, `sop`) VALUES ('13edbbf0-9443-3776-a5b9-5ad6c533db1b', '11643485-e2a0-37d1-8152-1b3e11df5090', '1998-01-13', '1986-03-27', '363');
INSERT INTO `datphong` (`maks`, `makhach`, `ngaynhan`, `ngaytra`, `sop`) VALUES ('13edbbf0-9443-3776-a5b9-5ad6c533db1b', '11643485-e2a0-37d1-8152-1b3e11df5090', '2002-05-25', '2007-10-05', '472');
INSERT INTO `datphong` (`maks`, `makhach`, `ngaynhan`, `ngaytra`, `sop`) VALUES ('13edbbf0-9443-3776-a5b9-5ad6c533db1b', '11643485-e2a0-37d1-8152-1b3e11df5090', '2013-07-13', '1981-10-02', '461');
INSERT INTO `datphong` (`maks`, `makhach`, `ngaynhan`, `ngaytra`, `sop`) VALUES ('13edbbf0-9443-3776-a5b9-5ad6c533db1b', '11643485-e2a0-37d1-8152-1b3e11df5090', '2018-05-07', '2001-10-27', '361');
INSERT INTO `datphong` (`maks`, `makhach`, `ngaynhan`, `ngaytra`, `sop`) VALUES ('13edbbf0-9443-3776-a5b9-5ad6c533db1b', '11643485-e2a0-37d1-8152-1b3e11df5090', '2018-08-28', '2009-05-05', '322');
INSERT INTO `datphong` (`maks`, `makhach`, `ngaynhan`, `ngaytra`, `sop`) VALUES ('14096ae1-f0a6-38b1-8b29-714f89f95c26', '17151511-3685-3847-a2cc-4e82d61861f0', '1972-08-24', '1998-08-02', '483');
INSERT INTO `datphong` (`maks`, `makhach`, `ngaynhan`, `ngaytra`, `sop`) VALUES ('14096ae1-f0a6-38b1-8b29-714f89f95c26', '17151511-3685-3847-a2cc-4e82d61861f0', '1976-08-20', '1999-10-09', '393');
INSERT INTO `datphong` (`maks`, `makhach`, `ngaynhan`, `ngaytra`, `sop`) VALUES ('14096ae1-f0a6-38b1-8b29-714f89f95c26', '17151511-3685-3847-a2cc-4e82d61861f0', '1979-08-30', '1997-05-04', '358');
INSERT INTO `datphong` (`maks`, `makhach`, `ngaynhan`, `ngaytra`, `sop`) VALUES ('14096ae1-f0a6-38b1-8b29-714f89f95c26', '17151511-3685-3847-a2cc-4e82d61861f0', '1985-10-16', '1996-09-07', '492');
INSERT INTO `datphong` (`maks`, `makhach`, `ngaynhan`, `ngaytra`, `sop`) VALUES ('14096ae1-f0a6-38b1-8b29-714f89f95c26', '17151511-3685-3847-a2cc-4e82d61861f0', '1986-04-12', '2007-05-01', '355');
INSERT INTO `datphong` (`maks`, `makhach`, `ngaynhan`, `ngaytra`, `sop`) VALUES ('14096ae1-f0a6-38b1-8b29-714f89f95c26', '17151511-3685-3847-a2cc-4e82d61861f0', '1990-06-22', '1992-10-13', '488');
INSERT INTO `datphong` (`maks`, `makhach`, `ngaynhan`, `ngaytra`, `sop`) VALUES ('14096ae1-f0a6-38b1-8b29-714f89f95c26', '17151511-3685-3847-a2cc-4e82d61861f0', '1994-07-26', '1994-10-21', '494');
INSERT INTO `datphong` (`maks`, `makhach`, `ngaynhan`, `ngaytra`, `sop`) VALUES ('14096ae1-f0a6-38b1-8b29-714f89f95c26', '17151511-3685-3847-a2cc-4e82d61861f0', '2009-02-23', '1972-01-30', '480');
INSERT INTO `datphong` (`maks`, `makhach`, `ngaynhan`, `ngaytra`, `sop`) VALUES ('14096ae1-f0a6-38b1-8b29-714f89f95c26', '17151511-3685-3847-a2cc-4e82d61861f0', '2011-09-11', '1978-02-22', '395');
INSERT INTO `datphong` (`maks`, `makhach`, `ngaynhan`, `ngaytra`, `sop`) VALUES ('14096ae1-f0a6-38b1-8b29-714f89f95c26', '17151511-3685-3847-a2cc-4e82d61861f0', '2015-04-30', '1982-01-28', '464');
INSERT INTO `datphong` (`maks`, `makhach`, `ngaynhan`, `ngaytra`, `sop`) VALUES ('17e2c31d-bfba-3ae3-bea9-52630f63fc6b', '1726a816-c814-37e1-b45a-55aa0506bb56', '1972-05-21', '2010-04-20', '426');
INSERT INTO `datphong` (`maks`, `makhach`, `ngaynhan`, `ngaytra`, `sop`) VALUES ('17e2c31d-bfba-3ae3-bea9-52630f63fc6b', '1726a816-c814-37e1-b45a-55aa0506bb56', '1973-11-30', '2003-12-01', '426');
INSERT INTO `datphong` (`maks`, `makhach`, `ngaynhan`, `ngaytra`, `sop`) VALUES ('17e2c31d-bfba-3ae3-bea9-52630f63fc6b', '1726a816-c814-37e1-b45a-55aa0506bb56', '1977-09-14', '2007-01-21', '424');
INSERT INTO `datphong` (`maks`, `makhach`, `ngaynhan`, `ngaytra`, `sop`) VALUES ('17e2c31d-bfba-3ae3-bea9-52630f63fc6b', '1726a816-c814-37e1-b45a-55aa0506bb56', '1983-08-08', '1971-02-16', '379');
INSERT INTO `datphong` (`maks`, `makhach`, `ngaynhan`, `ngaytra`, `sop`) VALUES ('17e2c31d-bfba-3ae3-bea9-52630f63fc6b', '1726a816-c814-37e1-b45a-55aa0506bb56', '1983-12-25', '1982-08-04', '339');
INSERT INTO `datphong` (`maks`, `makhach`, `ngaynhan`, `ngaytra`, `sop`) VALUES ('17e2c31d-bfba-3ae3-bea9-52630f63fc6b', '1726a816-c814-37e1-b45a-55aa0506bb56', '1986-07-18', '1976-10-22', '339');
INSERT INTO `datphong` (`maks`, `makhach`, `ngaynhan`, `ngaytra`, `sop`) VALUES ('17e2c31d-bfba-3ae3-bea9-52630f63fc6b', '1726a816-c814-37e1-b45a-55aa0506bb56', '2009-02-01', '1970-08-11', '370');
INSERT INTO `datphong` (`maks`, `makhach`, `ngaynhan`, `ngaytra`, `sop`) VALUES ('17e2c31d-bfba-3ae3-bea9-52630f63fc6b', '1726a816-c814-37e1-b45a-55aa0506bb56', '2013-01-19', '1985-05-26', '459');
INSERT INTO `datphong` (`maks`, `makhach`, `ngaynhan`, `ngaytra`, `sop`) VALUES ('17e2c31d-bfba-3ae3-bea9-52630f63fc6b', '1726a816-c814-37e1-b45a-55aa0506bb56', '2016-03-05', '1972-01-26', '412');
INSERT INTO `datphong` (`maks`, `makhach`, `ngaynhan`, `ngaytra`, `sop`) VALUES ('17e2c31d-bfba-3ae3-bea9-52630f63fc6b', '1726a816-c814-37e1-b45a-55aa0506bb56', '2016-11-08', '2015-05-12', '423');
INSERT INTO `datphong` (`maks`, `makhach`, `ngaynhan`, `ngaytra`, `sop`) VALUES ('18732625-1aab-3ec8-be7d-975ae733ac9b', '177bd6b9-b2ad-38b5-9e00-b3033a58359d', '1981-06-23', '2007-12-17', '416');
INSERT INTO `datphong` (`maks`, `makhach`, `ngaynhan`, `ngaytra`, `sop`) VALUES ('18732625-1aab-3ec8-be7d-975ae733ac9b', '177bd6b9-b2ad-38b5-9e00-b3033a58359d', '1986-02-14', '1981-12-02', '397');
INSERT INTO `datphong` (`maks`, `makhach`, `ngaynhan`, `ngaytra`, `sop`) VALUES ('18732625-1aab-3ec8-be7d-975ae733ac9b', '177bd6b9-b2ad-38b5-9e00-b3033a58359d', '1988-12-13', '2000-09-09', '375');
INSERT INTO `datphong` (`maks`, `makhach`, `ngaynhan`, `ngaytra`, `sop`) VALUES ('18732625-1aab-3ec8-be7d-975ae733ac9b', '177bd6b9-b2ad-38b5-9e00-b3033a58359d', '1991-04-30', '2011-08-25', '424');
INSERT INTO `datphong` (`maks`, `makhach`, `ngaynhan`, `ngaytra`, `sop`) VALUES ('18732625-1aab-3ec8-be7d-975ae733ac9b', '177bd6b9-b2ad-38b5-9e00-b3033a58359d', '1993-01-17', '1991-12-03', '499');
INSERT INTO `datphong` (`maks`, `makhach`, `ngaynhan`, `ngaytra`, `sop`) VALUES ('18732625-1aab-3ec8-be7d-975ae733ac9b', '177bd6b9-b2ad-38b5-9e00-b3033a58359d', '1994-12-24', '2014-10-08', '482');
INSERT INTO `datphong` (`maks`, `makhach`, `ngaynhan`, `ngaytra`, `sop`) VALUES ('18732625-1aab-3ec8-be7d-975ae733ac9b', '177bd6b9-b2ad-38b5-9e00-b3033a58359d', '2007-02-08', '2014-11-14', '377');
INSERT INTO `datphong` (`maks`, `makhach`, `ngaynhan`, `ngaytra`, `sop`) VALUES ('18732625-1aab-3ec8-be7d-975ae733ac9b', '177bd6b9-b2ad-38b5-9e00-b3033a58359d', '2011-03-20', '1987-06-18', '326');
INSERT INTO `datphong` (`maks`, `makhach`, `ngaynhan`, `ngaytra`, `sop`) VALUES ('18732625-1aab-3ec8-be7d-975ae733ac9b', '177bd6b9-b2ad-38b5-9e00-b3033a58359d', '2016-06-27', '1984-03-11', '494');
INSERT INTO `datphong` (`maks`, `makhach`, `ngaynhan`, `ngaytra`, `sop`) VALUES ('18732625-1aab-3ec8-be7d-975ae733ac9b', '177bd6b9-b2ad-38b5-9e00-b3033a58359d', '2020-01-30', '2020-03-30', '432');
INSERT INTO `datphong` (`maks`, `makhach`, `ngaynhan`, `ngaytra`, `sop`) VALUES ('1adcc401-0d2b-31f4-8342-457c74a4ec3a', '18cb8642-dbb2-3e9b-8b15-b71c6b065508', '1979-09-12', '1996-07-09', '364');
INSERT INTO `datphong` (`maks`, `makhach`, `ngaynhan`, `ngaytra`, `sop`) VALUES ('1adcc401-0d2b-31f4-8342-457c74a4ec3a', '18cb8642-dbb2-3e9b-8b15-b71c6b065508', '1982-08-01', '1998-01-02', '487');
INSERT INTO `datphong` (`maks`, `makhach`, `ngaynhan`, `ngaytra`, `sop`) VALUES ('1adcc401-0d2b-31f4-8342-457c74a4ec3a', '18cb8642-dbb2-3e9b-8b15-b71c6b065508', '1988-06-23', '2015-11-29', '356');
INSERT INTO `datphong` (`maks`, `makhach`, `ngaynhan`, `ngaytra`, `sop`) VALUES ('1adcc401-0d2b-31f4-8342-457c74a4ec3a', '18cb8642-dbb2-3e9b-8b15-b71c6b065508', '1990-08-03', '2007-12-21', '351');
INSERT INTO `datphong` (`maks`, `makhach`, `ngaynhan`, `ngaytra`, `sop`) VALUES ('1adcc401-0d2b-31f4-8342-457c74a4ec3a', '18cb8642-dbb2-3e9b-8b15-b71c6b065508', '1997-02-24', '2009-12-09', '370');
INSERT INTO `datphong` (`maks`, `makhach`, `ngaynhan`, `ngaytra`, `sop`) VALUES ('1adcc401-0d2b-31f4-8342-457c74a4ec3a', '18cb8642-dbb2-3e9b-8b15-b71c6b065508', '1999-07-18', '1996-01-28', '457');
INSERT INTO `datphong` (`maks`, `makhach`, `ngaynhan`, `ngaytra`, `sop`) VALUES ('1adcc401-0d2b-31f4-8342-457c74a4ec3a', '18cb8642-dbb2-3e9b-8b15-b71c6b065508', '2006-05-09', '1996-12-14', '307');
INSERT INTO `datphong` (`maks`, `makhach`, `ngaynhan`, `ngaytra`, `sop`) VALUES ('1adcc401-0d2b-31f4-8342-457c74a4ec3a', '18cb8642-dbb2-3e9b-8b15-b71c6b065508', '2008-03-09', '1986-10-26', '401');
INSERT INTO `datphong` (`maks`, `makhach`, `ngaynhan`, `ngaytra`, `sop`) VALUES ('1adcc401-0d2b-31f4-8342-457c74a4ec3a', '18cb8642-dbb2-3e9b-8b15-b71c6b065508', '2020-03-27', '1970-02-25', '413');
INSERT INTO `datphong` (`maks`, `makhach`, `ngaynhan`, `ngaytra`, `sop`) VALUES ('1adcc401-0d2b-31f4-8342-457c74a4ec3a', '18cb8642-dbb2-3e9b-8b15-b71c6b065508', '2020-04-11', '1989-12-23', '326');
INSERT INTO `datphong` (`maks`, `makhach`, `ngaynhan`, `ngaytra`, `sop`) VALUES ('1d5b9dd5-9faf-323c-8f6a-c6a0eceee526', '1a4cb19f-054b-34ef-b300-2a2af3807f71', '1977-03-25', '2008-01-15', '450');
INSERT INTO `datphong` (`maks`, `makhach`, `ngaynhan`, `ngaytra`, `sop`) VALUES ('1d5b9dd5-9faf-323c-8f6a-c6a0eceee526', '1a4cb19f-054b-34ef-b300-2a2af3807f71', '1982-08-13', '1982-09-28', '344');
INSERT INTO `datphong` (`maks`, `makhach`, `ngaynhan`, `ngaytra`, `sop`) VALUES ('1d5b9dd5-9faf-323c-8f6a-c6a0eceee526', '1a4cb19f-054b-34ef-b300-2a2af3807f71', '1996-06-24', '2006-08-15', '361');
INSERT INTO `datphong` (`maks`, `makhach`, `ngaynhan`, `ngaytra`, `sop`) VALUES ('1d5b9dd5-9faf-323c-8f6a-c6a0eceee526', '1a4cb19f-054b-34ef-b300-2a2af3807f71', '1997-12-08', '1999-02-03', '306');
INSERT INTO `datphong` (`maks`, `makhach`, `ngaynhan`, `ngaytra`, `sop`) VALUES ('1d5b9dd5-9faf-323c-8f6a-c6a0eceee526', '1a4cb19f-054b-34ef-b300-2a2af3807f71', '1998-10-25', '1983-01-29', '385');
INSERT INTO `datphong` (`maks`, `makhach`, `ngaynhan`, `ngaytra`, `sop`) VALUES ('1d5b9dd5-9faf-323c-8f6a-c6a0eceee526', '1a4cb19f-054b-34ef-b300-2a2af3807f71', '2001-01-02', '2009-06-28', '448');
INSERT INTO `datphong` (`maks`, `makhach`, `ngaynhan`, `ngaytra`, `sop`) VALUES ('1d5b9dd5-9faf-323c-8f6a-c6a0eceee526', '1a4cb19f-054b-34ef-b300-2a2af3807f71', '2008-10-23', '1989-08-26', '371');
INSERT INTO `datphong` (`maks`, `makhach`, `ngaynhan`, `ngaytra`, `sop`) VALUES ('1d5b9dd5-9faf-323c-8f6a-c6a0eceee526', '1a4cb19f-054b-34ef-b300-2a2af3807f71', '2008-12-04', '2018-01-08', '330');
INSERT INTO `datphong` (`maks`, `makhach`, `ngaynhan`, `ngaytra`, `sop`) VALUES ('1d5b9dd5-9faf-323c-8f6a-c6a0eceee526', '1a4cb19f-054b-34ef-b300-2a2af3807f71', '2009-06-13', '2000-10-07', '468');
INSERT INTO `datphong` (`maks`, `makhach`, `ngaynhan`, `ngaytra`, `sop`) VALUES ('1d5b9dd5-9faf-323c-8f6a-c6a0eceee526', '1a4cb19f-054b-34ef-b300-2a2af3807f71', '2011-09-26', '2011-01-28', '490');
INSERT INTO `datphong` (`maks`, `makhach`, `ngaynhan`, `ngaytra`, `sop`) VALUES ('23be692d-56a6-34ed-bf35-ede6fe62402d', '2061cc07-fdbb-34ab-af75-dd28c8be1c32', '1972-09-22', '1995-08-18', '308');
INSERT INTO `datphong` (`maks`, `makhach`, `ngaynhan`, `ngaytra`, `sop`) VALUES ('23be692d-56a6-34ed-bf35-ede6fe62402d', '2061cc07-fdbb-34ab-af75-dd28c8be1c32', '1973-05-06', '2017-10-17', '305');
INSERT INTO `datphong` (`maks`, `makhach`, `ngaynhan`, `ngaytra`, `sop`) VALUES ('23be692d-56a6-34ed-bf35-ede6fe62402d', '2061cc07-fdbb-34ab-af75-dd28c8be1c32', '1985-05-03', '1975-03-03', '487');
INSERT INTO `datphong` (`maks`, `makhach`, `ngaynhan`, `ngaytra`, `sop`) VALUES ('23be692d-56a6-34ed-bf35-ede6fe62402d', '2061cc07-fdbb-34ab-af75-dd28c8be1c32', '1989-04-05', '1998-08-29', '330');
INSERT INTO `datphong` (`maks`, `makhach`, `ngaynhan`, `ngaytra`, `sop`) VALUES ('23be692d-56a6-34ed-bf35-ede6fe62402d', '2061cc07-fdbb-34ab-af75-dd28c8be1c32', '1990-07-08', '1976-07-07', '445');
INSERT INTO `datphong` (`maks`, `makhach`, `ngaynhan`, `ngaytra`, `sop`) VALUES ('23be692d-56a6-34ed-bf35-ede6fe62402d', '2061cc07-fdbb-34ab-af75-dd28c8be1c32', '1996-03-25', '1983-10-01', '456');
INSERT INTO `datphong` (`maks`, `makhach`, `ngaynhan`, `ngaytra`, `sop`) VALUES ('23be692d-56a6-34ed-bf35-ede6fe62402d', '2061cc07-fdbb-34ab-af75-dd28c8be1c32', '1997-02-04', '1973-12-03', '330');
INSERT INTO `datphong` (`maks`, `makhach`, `ngaynhan`, `ngaytra`, `sop`) VALUES ('23be692d-56a6-34ed-bf35-ede6fe62402d', '2061cc07-fdbb-34ab-af75-dd28c8be1c32', '2001-11-15', '2006-08-25', '378');
INSERT INTO `datphong` (`maks`, `makhach`, `ngaynhan`, `ngaytra`, `sop`) VALUES ('23be692d-56a6-34ed-bf35-ede6fe62402d', '2061cc07-fdbb-34ab-af75-dd28c8be1c32', '2015-07-08', '1974-04-02', '302');
INSERT INTO `datphong` (`maks`, `makhach`, `ngaynhan`, `ngaytra`, `sop`) VALUES ('23be692d-56a6-34ed-bf35-ede6fe62402d', '2061cc07-fdbb-34ab-af75-dd28c8be1c32', '2016-03-28', '2013-05-12', '496');
INSERT INTO `datphong` (`maks`, `makhach`, `ngaynhan`, `ngaytra`, `sop`) VALUES ('24ce3904-66ca-3012-b956-3a0f6a8144ec', '2bf41c5b-8b71-37f4-80ee-6c8eb38d8fa1', '1970-05-13', '1998-08-07', '330');
INSERT INTO `datphong` (`maks`, `makhach`, `ngaynhan`, `ngaytra`, `sop`) VALUES ('24ce3904-66ca-3012-b956-3a0f6a8144ec', '2bf41c5b-8b71-37f4-80ee-6c8eb38d8fa1', '1978-07-16', '2000-07-01', '355');
INSERT INTO `datphong` (`maks`, `makhach`, `ngaynhan`, `ngaytra`, `sop`) VALUES ('24ce3904-66ca-3012-b956-3a0f6a8144ec', '2bf41c5b-8b71-37f4-80ee-6c8eb38d8fa1', '1982-07-24', '1995-02-13', '431');
INSERT INTO `datphong` (`maks`, `makhach`, `ngaynhan`, `ngaytra`, `sop`) VALUES ('24ce3904-66ca-3012-b956-3a0f6a8144ec', '2bf41c5b-8b71-37f4-80ee-6c8eb38d8fa1', '1984-09-06', '2003-04-08', '323');
INSERT INTO `datphong` (`maks`, `makhach`, `ngaynhan`, `ngaytra`, `sop`) VALUES ('24ce3904-66ca-3012-b956-3a0f6a8144ec', '2bf41c5b-8b71-37f4-80ee-6c8eb38d8fa1', '1990-10-08', '1991-12-25', '376');
INSERT INTO `datphong` (`maks`, `makhach`, `ngaynhan`, `ngaytra`, `sop`) VALUES ('24ce3904-66ca-3012-b956-3a0f6a8144ec', '2bf41c5b-8b71-37f4-80ee-6c8eb38d8fa1', '1993-05-09', '2004-03-24', '372');
INSERT INTO `datphong` (`maks`, `makhach`, `ngaynhan`, `ngaytra`, `sop`) VALUES ('24ce3904-66ca-3012-b956-3a0f6a8144ec', '2bf41c5b-8b71-37f4-80ee-6c8eb38d8fa1', '2009-06-22', '1975-02-14', '351');
INSERT INTO `datphong` (`maks`, `makhach`, `ngaynhan`, `ngaytra`, `sop`) VALUES ('24ce3904-66ca-3012-b956-3a0f6a8144ec', '2bf41c5b-8b71-37f4-80ee-6c8eb38d8fa1', '2011-04-08', '2002-11-09', '385');
INSERT INTO `datphong` (`maks`, `makhach`, `ngaynhan`, `ngaytra`, `sop`) VALUES ('24ce3904-66ca-3012-b956-3a0f6a8144ec', '2bf41c5b-8b71-37f4-80ee-6c8eb38d8fa1', '2015-09-12', '1991-08-17', '402');
INSERT INTO `datphong` (`maks`, `makhach`, `ngaynhan`, `ngaytra`, `sop`) VALUES ('24ce3904-66ca-3012-b956-3a0f6a8144ec', '2bf41c5b-8b71-37f4-80ee-6c8eb38d8fa1', '2018-12-05', '2006-10-20', '425');
INSERT INTO `datphong` (`maks`, `makhach`, `ngaynhan`, `ngaytra`, `sop`) VALUES ('28f4341f-3c50-3ee5-ba66-2663b81f0f22', '2c4fbaea-516f-302c-8ade-36c169d39758', '1971-03-10', '1979-06-05', '385');
INSERT INTO `datphong` (`maks`, `makhach`, `ngaynhan`, `ngaytra`, `sop`) VALUES ('28f4341f-3c50-3ee5-ba66-2663b81f0f22', '2c4fbaea-516f-302c-8ade-36c169d39758', '1972-03-15', '1998-09-14', '327');
INSERT INTO `datphong` (`maks`, `makhach`, `ngaynhan`, `ngaytra`, `sop`) VALUES ('28f4341f-3c50-3ee5-ba66-2663b81f0f22', '2c4fbaea-516f-302c-8ade-36c169d39758', '1986-07-28', '2010-11-26', '327');
INSERT INTO `datphong` (`maks`, `makhach`, `ngaynhan`, `ngaytra`, `sop`) VALUES ('28f4341f-3c50-3ee5-ba66-2663b81f0f22', '2c4fbaea-516f-302c-8ade-36c169d39758', '1988-02-08', '1993-01-04', '328');
INSERT INTO `datphong` (`maks`, `makhach`, `ngaynhan`, `ngaytra`, `sop`) VALUES ('28f4341f-3c50-3ee5-ba66-2663b81f0f22', '2c4fbaea-516f-302c-8ade-36c169d39758', '1991-05-25', '1992-05-25', '400');
INSERT INTO `datphong` (`maks`, `makhach`, `ngaynhan`, `ngaytra`, `sop`) VALUES ('28f4341f-3c50-3ee5-ba66-2663b81f0f22', '2c4fbaea-516f-302c-8ade-36c169d39758', '1992-02-12', '1983-08-31', '465');
INSERT INTO `datphong` (`maks`, `makhach`, `ngaynhan`, `ngaytra`, `sop`) VALUES ('28f4341f-3c50-3ee5-ba66-2663b81f0f22', '2c4fbaea-516f-302c-8ade-36c169d39758', '1996-04-30', '2015-12-22', '455');
INSERT INTO `datphong` (`maks`, `makhach`, `ngaynhan`, `ngaytra`, `sop`) VALUES ('28f4341f-3c50-3ee5-ba66-2663b81f0f22', '2c4fbaea-516f-302c-8ade-36c169d39758', '1999-08-18', '1978-05-13', '321');
INSERT INTO `datphong` (`maks`, `makhach`, `ngaynhan`, `ngaytra`, `sop`) VALUES ('28f4341f-3c50-3ee5-ba66-2663b81f0f22', '2c4fbaea-516f-302c-8ade-36c169d39758', '2009-03-15', '1985-05-24', '486');
INSERT INTO `datphong` (`maks`, `makhach`, `ngaynhan`, `ngaytra`, `sop`) VALUES ('28f4341f-3c50-3ee5-ba66-2663b81f0f22', '2c4fbaea-516f-302c-8ade-36c169d39758', '2018-06-11', '1971-01-25', '320');
INSERT INTO `datphong` (`maks`, `makhach`, `ngaynhan`, `ngaytra`, `sop`) VALUES ('2c122c62-9b15-3aee-a15d-ecbfe137bd48', '2e353128-eb4a-3154-b699-016652066f06', '1971-11-23', '2012-04-05', '348');
INSERT INTO `datphong` (`maks`, `makhach`, `ngaynhan`, `ngaytra`, `sop`) VALUES ('2c122c62-9b15-3aee-a15d-ecbfe137bd48', '2e353128-eb4a-3154-b699-016652066f06', '1972-08-17', '2015-10-13', '352');
INSERT INTO `datphong` (`maks`, `makhach`, `ngaynhan`, `ngaytra`, `sop`) VALUES ('2c122c62-9b15-3aee-a15d-ecbfe137bd48', '2e353128-eb4a-3154-b699-016652066f06', '1987-08-29', '1986-10-28', '306');
INSERT INTO `datphong` (`maks`, `makhach`, `ngaynhan`, `ngaytra`, `sop`) VALUES ('2c122c62-9b15-3aee-a15d-ecbfe137bd48', '2e353128-eb4a-3154-b699-016652066f06', '1988-07-13', '1978-10-04', '437');
INSERT INTO `datphong` (`maks`, `makhach`, `ngaynhan`, `ngaytra`, `sop`) VALUES ('2c122c62-9b15-3aee-a15d-ecbfe137bd48', '2e353128-eb4a-3154-b699-016652066f06', '1999-10-19', '1975-12-03', '454');
INSERT INTO `datphong` (`maks`, `makhach`, `ngaynhan`, `ngaytra`, `sop`) VALUES ('2c122c62-9b15-3aee-a15d-ecbfe137bd48', '2e353128-eb4a-3154-b699-016652066f06', '2000-10-26', '2014-07-09', '335');
INSERT INTO `datphong` (`maks`, `makhach`, `ngaynhan`, `ngaytra`, `sop`) VALUES ('2c122c62-9b15-3aee-a15d-ecbfe137bd48', '2e353128-eb4a-3154-b699-016652066f06', '2002-04-04', '2017-08-26', '361');
INSERT INTO `datphong` (`maks`, `makhach`, `ngaynhan`, `ngaytra`, `sop`) VALUES ('2c122c62-9b15-3aee-a15d-ecbfe137bd48', '2e353128-eb4a-3154-b699-016652066f06', '2007-02-11', '1972-01-29', '307');
INSERT INTO `datphong` (`maks`, `makhach`, `ngaynhan`, `ngaytra`, `sop`) VALUES ('2c122c62-9b15-3aee-a15d-ecbfe137bd48', '2e353128-eb4a-3154-b699-016652066f06', '2018-08-05', '2003-09-20', '390');
INSERT INTO `datphong` (`maks`, `makhach`, `ngaynhan`, `ngaytra`, `sop`) VALUES ('2c122c62-9b15-3aee-a15d-ecbfe137bd48', '2e353128-eb4a-3154-b699-016652066f06', '2019-04-03', '2010-05-16', '372');
INSERT INTO `datphong` (`maks`, `makhach`, `ngaynhan`, `ngaytra`, `sop`) VALUES ('2c877541-820b-3497-bf1b-b97b36b1c92c', '30d83ca1-04b0-3300-9989-6cb34f369be9', '1973-05-03', '2019-12-13', '436');
INSERT INTO `datphong` (`maks`, `makhach`, `ngaynhan`, `ngaytra`, `sop`) VALUES ('2c877541-820b-3497-bf1b-b97b36b1c92c', '30d83ca1-04b0-3300-9989-6cb34f369be9', '1983-02-07', '1997-07-23', '410');
INSERT INTO `datphong` (`maks`, `makhach`, `ngaynhan`, `ngaytra`, `sop`) VALUES ('2c877541-820b-3497-bf1b-b97b36b1c92c', '30d83ca1-04b0-3300-9989-6cb34f369be9', '1983-09-03', '2011-08-14', '347');
INSERT INTO `datphong` (`maks`, `makhach`, `ngaynhan`, `ngaytra`, `sop`) VALUES ('2c877541-820b-3497-bf1b-b97b36b1c92c', '30d83ca1-04b0-3300-9989-6cb34f369be9', '1987-11-23', '1982-09-26', '468');
INSERT INTO `datphong` (`maks`, `makhach`, `ngaynhan`, `ngaytra`, `sop`) VALUES ('2c877541-820b-3497-bf1b-b97b36b1c92c', '30d83ca1-04b0-3300-9989-6cb34f369be9', '1992-01-12', '1994-04-27', '468');
INSERT INTO `datphong` (`maks`, `makhach`, `ngaynhan`, `ngaytra`, `sop`) VALUES ('2c877541-820b-3497-bf1b-b97b36b1c92c', '30d83ca1-04b0-3300-9989-6cb34f369be9', '1992-08-01', '2007-10-12', '431');
INSERT INTO `datphong` (`maks`, `makhach`, `ngaynhan`, `ngaytra`, `sop`) VALUES ('2c877541-820b-3497-bf1b-b97b36b1c92c', '30d83ca1-04b0-3300-9989-6cb34f369be9', '1995-01-28', '1999-10-07', '334');
INSERT INTO `datphong` (`maks`, `makhach`, `ngaynhan`, `ngaytra`, `sop`) VALUES ('2c877541-820b-3497-bf1b-b97b36b1c92c', '30d83ca1-04b0-3300-9989-6cb34f369be9', '1999-04-26', '1978-07-04', '488');
INSERT INTO `datphong` (`maks`, `makhach`, `ngaynhan`, `ngaytra`, `sop`) VALUES ('2c877541-820b-3497-bf1b-b97b36b1c92c', '30d83ca1-04b0-3300-9989-6cb34f369be9', '2011-06-19', '2006-07-21', '424');
INSERT INTO `datphong` (`maks`, `makhach`, `ngaynhan`, `ngaytra`, `sop`) VALUES ('2c877541-820b-3497-bf1b-b97b36b1c92c', '30d83ca1-04b0-3300-9989-6cb34f369be9', '2014-06-04', '2011-11-12', '442');
INSERT INTO `datphong` (`maks`, `makhach`, `ngaynhan`, `ngaytra`, `sop`) VALUES ('370a995e-d062-3a41-ae7e-2157764ccf1e', '3cb2bb18-1fc0-36b4-90a6-2f121a0c0f88', '1971-04-18', '1980-08-21', '392');
INSERT INTO `datphong` (`maks`, `makhach`, `ngaynhan`, `ngaytra`, `sop`) VALUES ('370a995e-d062-3a41-ae7e-2157764ccf1e', '3cb2bb18-1fc0-36b4-90a6-2f121a0c0f88', '1971-07-26', '1986-08-24', '487');
INSERT INTO `datphong` (`maks`, `makhach`, `ngaynhan`, `ngaytra`, `sop`) VALUES ('370a995e-d062-3a41-ae7e-2157764ccf1e', '3cb2bb18-1fc0-36b4-90a6-2f121a0c0f88', '1975-09-16', '1986-05-25', '393');
INSERT INTO `datphong` (`maks`, `makhach`, `ngaynhan`, `ngaytra`, `sop`) VALUES ('370a995e-d062-3a41-ae7e-2157764ccf1e', '3cb2bb18-1fc0-36b4-90a6-2f121a0c0f88', '1976-06-05', '1999-08-14', '310');
INSERT INTO `datphong` (`maks`, `makhach`, `ngaynhan`, `ngaytra`, `sop`) VALUES ('370a995e-d062-3a41-ae7e-2157764ccf1e', '3cb2bb18-1fc0-36b4-90a6-2f121a0c0f88', '1979-11-26', '2013-08-08', '308');
INSERT INTO `datphong` (`maks`, `makhach`, `ngaynhan`, `ngaytra`, `sop`) VALUES ('370a995e-d062-3a41-ae7e-2157764ccf1e', '3cb2bb18-1fc0-36b4-90a6-2f121a0c0f88', '1989-02-06', '2011-03-28', '500');
INSERT INTO `datphong` (`maks`, `makhach`, `ngaynhan`, `ngaytra`, `sop`) VALUES ('370a995e-d062-3a41-ae7e-2157764ccf1e', '3cb2bb18-1fc0-36b4-90a6-2f121a0c0f88', '1996-02-01', '1972-10-30', '404');
INSERT INTO `datphong` (`maks`, `makhach`, `ngaynhan`, `ngaytra`, `sop`) VALUES ('370a995e-d062-3a41-ae7e-2157764ccf1e', '3cb2bb18-1fc0-36b4-90a6-2f121a0c0f88', '2015-11-25', '1971-10-24', '463');
INSERT INTO `datphong` (`maks`, `makhach`, `ngaynhan`, `ngaytra`, `sop`) VALUES ('370a995e-d062-3a41-ae7e-2157764ccf1e', '3cb2bb18-1fc0-36b4-90a6-2f121a0c0f88', '2017-09-03', '1986-05-28', '416');
INSERT INTO `datphong` (`maks`, `makhach`, `ngaynhan`, `ngaytra`, `sop`) VALUES ('370a995e-d062-3a41-ae7e-2157764ccf1e', '3cb2bb18-1fc0-36b4-90a6-2f121a0c0f88', '2018-04-25', '1980-02-17', '406');
INSERT INTO `datphong` (`maks`, `makhach`, `ngaynhan`, `ngaytra`, `sop`) VALUES ('3a0fc52d-f24b-3ff4-bb44-a54352f920b1', '3d4b2c24-aef8-342f-b8c6-95b35aea6452', '1970-03-04', '2010-09-22', '466');
INSERT INTO `datphong` (`maks`, `makhach`, `ngaynhan`, `ngaytra`, `sop`) VALUES ('3a0fc52d-f24b-3ff4-bb44-a54352f920b1', '3d4b2c24-aef8-342f-b8c6-95b35aea6452', '1970-11-10', '1972-03-27', '368');
INSERT INTO `datphong` (`maks`, `makhach`, `ngaynhan`, `ngaytra`, `sop`) VALUES ('3a0fc52d-f24b-3ff4-bb44-a54352f920b1', '3d4b2c24-aef8-342f-b8c6-95b35aea6452', '1972-07-21', '2003-10-27', '398');
INSERT INTO `datphong` (`maks`, `makhach`, `ngaynhan`, `ngaytra`, `sop`) VALUES ('3a0fc52d-f24b-3ff4-bb44-a54352f920b1', '3d4b2c24-aef8-342f-b8c6-95b35aea6452', '1980-05-02', '1990-03-15', '321');
INSERT INTO `datphong` (`maks`, `makhach`, `ngaynhan`, `ngaytra`, `sop`) VALUES ('3a0fc52d-f24b-3ff4-bb44-a54352f920b1', '3d4b2c24-aef8-342f-b8c6-95b35aea6452', '1987-10-23', '2020-01-26', '494');
INSERT INTO `datphong` (`maks`, `makhach`, `ngaynhan`, `ngaytra`, `sop`) VALUES ('3a0fc52d-f24b-3ff4-bb44-a54352f920b1', '3d4b2c24-aef8-342f-b8c6-95b35aea6452', '1989-04-26', '1992-06-20', '335');
INSERT INTO `datphong` (`maks`, `makhach`, `ngaynhan`, `ngaytra`, `sop`) VALUES ('3a0fc52d-f24b-3ff4-bb44-a54352f920b1', '3d4b2c24-aef8-342f-b8c6-95b35aea6452', '1992-06-11', '1972-05-26', '430');
INSERT INTO `datphong` (`maks`, `makhach`, `ngaynhan`, `ngaytra`, `sop`) VALUES ('3a0fc52d-f24b-3ff4-bb44-a54352f920b1', '3d4b2c24-aef8-342f-b8c6-95b35aea6452', '2017-01-13', '2014-05-04', '423');
INSERT INTO `datphong` (`maks`, `makhach`, `ngaynhan`, `ngaytra`, `sop`) VALUES ('3a0fc52d-f24b-3ff4-bb44-a54352f920b1', '3d4b2c24-aef8-342f-b8c6-95b35aea6452', '2017-02-22', '1982-12-19', '420');
INSERT INTO `datphong` (`maks`, `makhach`, `ngaynhan`, `ngaytra`, `sop`) VALUES ('3a0fc52d-f24b-3ff4-bb44-a54352f920b1', '3d4b2c24-aef8-342f-b8c6-95b35aea6452', '2017-10-04', '2019-11-03', '406');
INSERT INTO `datphong` (`maks`, `makhach`, `ngaynhan`, `ngaytra`, `sop`) VALUES ('3ccc8fdc-6cc8-3176-b97b-a3b8341ab95d', '3dcb7bab-8681-3443-9e88-a09f60ac16d5', '1972-03-23', '1978-10-09', '351');
INSERT INTO `datphong` (`maks`, `makhach`, `ngaynhan`, `ngaytra`, `sop`) VALUES ('3ccc8fdc-6cc8-3176-b97b-a3b8341ab95d', '3dcb7bab-8681-3443-9e88-a09f60ac16d5', '1979-01-24', '2005-09-06', '336');
INSERT INTO `datphong` (`maks`, `makhach`, `ngaynhan`, `ngaytra`, `sop`) VALUES ('3ccc8fdc-6cc8-3176-b97b-a3b8341ab95d', '3dcb7bab-8681-3443-9e88-a09f60ac16d5', '1980-04-05', '2007-02-15', '417');
INSERT INTO `datphong` (`maks`, `makhach`, `ngaynhan`, `ngaytra`, `sop`) VALUES ('3ccc8fdc-6cc8-3176-b97b-a3b8341ab95d', '3dcb7bab-8681-3443-9e88-a09f60ac16d5', '1981-10-07', '1982-02-12', '340');
INSERT INTO `datphong` (`maks`, `makhach`, `ngaynhan`, `ngaytra`, `sop`) VALUES ('3ccc8fdc-6cc8-3176-b97b-a3b8341ab95d', '3dcb7bab-8681-3443-9e88-a09f60ac16d5', '1983-04-09', '2000-01-14', '418');
INSERT INTO `datphong` (`maks`, `makhach`, `ngaynhan`, `ngaytra`, `sop`) VALUES ('3ccc8fdc-6cc8-3176-b97b-a3b8341ab95d', '3dcb7bab-8681-3443-9e88-a09f60ac16d5', '1986-02-02', '2009-12-06', '482');
INSERT INTO `datphong` (`maks`, `makhach`, `ngaynhan`, `ngaytra`, `sop`) VALUES ('3ccc8fdc-6cc8-3176-b97b-a3b8341ab95d', '3dcb7bab-8681-3443-9e88-a09f60ac16d5', '1988-11-20', '1979-12-07', '301');
INSERT INTO `datphong` (`maks`, `makhach`, `ngaynhan`, `ngaytra`, `sop`) VALUES ('3ccc8fdc-6cc8-3176-b97b-a3b8341ab95d', '3dcb7bab-8681-3443-9e88-a09f60ac16d5', '2014-01-27', '1977-10-24', '484');
INSERT INTO `datphong` (`maks`, `makhach`, `ngaynhan`, `ngaytra`, `sop`) VALUES ('3ccc8fdc-6cc8-3176-b97b-a3b8341ab95d', '3dcb7bab-8681-3443-9e88-a09f60ac16d5', '2017-12-23', '1991-04-16', '499');
INSERT INTO `datphong` (`maks`, `makhach`, `ngaynhan`, `ngaytra`, `sop`) VALUES ('3ccc8fdc-6cc8-3176-b97b-a3b8341ab95d', '3dcb7bab-8681-3443-9e88-a09f60ac16d5', '2018-04-02', '1992-10-07', '365');
INSERT INTO `datphong` (`maks`, `makhach`, `ngaynhan`, `ngaytra`, `sop`) VALUES ('3fb34bfd-31f4-3a10-b072-732215db3099', '3f45797d-7d30-3e51-b621-81e326da0ee7', '1973-05-18', '1991-02-08', '352');
INSERT INTO `datphong` (`maks`, `makhach`, `ngaynhan`, `ngaytra`, `sop`) VALUES ('3fb34bfd-31f4-3a10-b072-732215db3099', '3f45797d-7d30-3e51-b621-81e326da0ee7', '1981-07-27', '1978-12-30', '349');
INSERT INTO `datphong` (`maks`, `makhach`, `ngaynhan`, `ngaytra`, `sop`) VALUES ('3fb34bfd-31f4-3a10-b072-732215db3099', '3f45797d-7d30-3e51-b621-81e326da0ee7', '1981-09-23', '2014-12-17', '451');
INSERT INTO `datphong` (`maks`, `makhach`, `ngaynhan`, `ngaytra`, `sop`) VALUES ('3fb34bfd-31f4-3a10-b072-732215db3099', '3f45797d-7d30-3e51-b621-81e326da0ee7', '1985-07-25', '1998-05-13', '342');
INSERT INTO `datphong` (`maks`, `makhach`, `ngaynhan`, `ngaytra`, `sop`) VALUES ('3fb34bfd-31f4-3a10-b072-732215db3099', '3f45797d-7d30-3e51-b621-81e326da0ee7', '1997-09-03', '1985-09-21', '461');
INSERT INTO `datphong` (`maks`, `makhach`, `ngaynhan`, `ngaytra`, `sop`) VALUES ('3fb34bfd-31f4-3a10-b072-732215db3099', '3f45797d-7d30-3e51-b621-81e326da0ee7', '2003-10-11', '1979-01-21', '459');
INSERT INTO `datphong` (`maks`, `makhach`, `ngaynhan`, `ngaytra`, `sop`) VALUES ('3fb34bfd-31f4-3a10-b072-732215db3099', '3f45797d-7d30-3e51-b621-81e326da0ee7', '2006-04-15', '1984-03-30', '398');
INSERT INTO `datphong` (`maks`, `makhach`, `ngaynhan`, `ngaytra`, `sop`) VALUES ('3fb34bfd-31f4-3a10-b072-732215db3099', '3f45797d-7d30-3e51-b621-81e326da0ee7', '2007-02-28', '2003-05-21', '448');
INSERT INTO `datphong` (`maks`, `makhach`, `ngaynhan`, `ngaytra`, `sop`) VALUES ('3fb34bfd-31f4-3a10-b072-732215db3099', '3f45797d-7d30-3e51-b621-81e326da0ee7', '2013-06-16', '2007-09-03', '476');
INSERT INTO `datphong` (`maks`, `makhach`, `ngaynhan`, `ngaytra`, `sop`) VALUES ('3fb34bfd-31f4-3a10-b072-732215db3099', '3f45797d-7d30-3e51-b621-81e326da0ee7', '2016-05-08', '2005-07-07', '426');
INSERT INTO `datphong` (`maks`, `makhach`, `ngaynhan`, `ngaytra`, `sop`) VALUES ('4211102b-7190-3944-8d41-a3a040bdc236', '41a4011a-22f1-3c1e-a871-5b62ed7583dc', '1970-03-19', '1997-10-15', '385');
INSERT INTO `datphong` (`maks`, `makhach`, `ngaynhan`, `ngaytra`, `sop`) VALUES ('4211102b-7190-3944-8d41-a3a040bdc236', '41a4011a-22f1-3c1e-a871-5b62ed7583dc', '1972-10-16', '1998-08-22', '393');
INSERT INTO `datphong` (`maks`, `makhach`, `ngaynhan`, `ngaytra`, `sop`) VALUES ('4211102b-7190-3944-8d41-a3a040bdc236', '41a4011a-22f1-3c1e-a871-5b62ed7583dc', '1976-07-08', '2000-08-03', '375');
INSERT INTO `datphong` (`maks`, `makhach`, `ngaynhan`, `ngaytra`, `sop`) VALUES ('4211102b-7190-3944-8d41-a3a040bdc236', '41a4011a-22f1-3c1e-a871-5b62ed7583dc', '1977-12-12', '2005-02-01', '423');
INSERT INTO `datphong` (`maks`, `makhach`, `ngaynhan`, `ngaytra`, `sop`) VALUES ('4211102b-7190-3944-8d41-a3a040bdc236', '41a4011a-22f1-3c1e-a871-5b62ed7583dc', '1979-03-23', '2000-06-26', '343');
INSERT INTO `datphong` (`maks`, `makhach`, `ngaynhan`, `ngaytra`, `sop`) VALUES ('4211102b-7190-3944-8d41-a3a040bdc236', '41a4011a-22f1-3c1e-a871-5b62ed7583dc', '1991-03-23', '2016-10-26', '362');
INSERT INTO `datphong` (`maks`, `makhach`, `ngaynhan`, `ngaytra`, `sop`) VALUES ('4211102b-7190-3944-8d41-a3a040bdc236', '41a4011a-22f1-3c1e-a871-5b62ed7583dc', '1991-06-20', '1984-04-11', '500');
INSERT INTO `datphong` (`maks`, `makhach`, `ngaynhan`, `ngaytra`, `sop`) VALUES ('4211102b-7190-3944-8d41-a3a040bdc236', '41a4011a-22f1-3c1e-a871-5b62ed7583dc', '1995-02-10', '1999-07-14', '434');
INSERT INTO `datphong` (`maks`, `makhach`, `ngaynhan`, `ngaytra`, `sop`) VALUES ('4211102b-7190-3944-8d41-a3a040bdc236', '41a4011a-22f1-3c1e-a871-5b62ed7583dc', '1999-07-05', '2011-02-12', '368');
INSERT INTO `datphong` (`maks`, `makhach`, `ngaynhan`, `ngaytra`, `sop`) VALUES ('4211102b-7190-3944-8d41-a3a040bdc236', '41a4011a-22f1-3c1e-a871-5b62ed7583dc', '2007-12-16', '1993-05-17', '448');
INSERT INTO `datphong` (`maks`, `makhach`, `ngaynhan`, `ngaytra`, `sop`) VALUES ('44789392-4fe7-3404-b1ac-3756b72f98b1', '423f5874-50fb-3bfb-bea6-80ab42a67e6e', '1975-03-02', '2003-02-06', '475');
INSERT INTO `datphong` (`maks`, `makhach`, `ngaynhan`, `ngaytra`, `sop`) VALUES ('44789392-4fe7-3404-b1ac-3756b72f98b1', '423f5874-50fb-3bfb-bea6-80ab42a67e6e', '1976-09-11', '1977-03-14', '425');
INSERT INTO `datphong` (`maks`, `makhach`, `ngaynhan`, `ngaytra`, `sop`) VALUES ('44789392-4fe7-3404-b1ac-3756b72f98b1', '423f5874-50fb-3bfb-bea6-80ab42a67e6e', '1978-05-02', '2000-11-11', '388');
INSERT INTO `datphong` (`maks`, `makhach`, `ngaynhan`, `ngaytra`, `sop`) VALUES ('44789392-4fe7-3404-b1ac-3756b72f98b1', '423f5874-50fb-3bfb-bea6-80ab42a67e6e', '1978-06-05', '1988-06-04', '349');
INSERT INTO `datphong` (`maks`, `makhach`, `ngaynhan`, `ngaytra`, `sop`) VALUES ('44789392-4fe7-3404-b1ac-3756b72f98b1', '423f5874-50fb-3bfb-bea6-80ab42a67e6e', '1998-11-12', '1986-08-29', '340');
INSERT INTO `datphong` (`maks`, `makhach`, `ngaynhan`, `ngaytra`, `sop`) VALUES ('44789392-4fe7-3404-b1ac-3756b72f98b1', '423f5874-50fb-3bfb-bea6-80ab42a67e6e', '2000-07-01', '2014-06-30', '480');
INSERT INTO `datphong` (`maks`, `makhach`, `ngaynhan`, `ngaytra`, `sop`) VALUES ('44789392-4fe7-3404-b1ac-3756b72f98b1', '423f5874-50fb-3bfb-bea6-80ab42a67e6e', '2007-05-30', '1978-07-10', '380');
INSERT INTO `datphong` (`maks`, `makhach`, `ngaynhan`, `ngaytra`, `sop`) VALUES ('44789392-4fe7-3404-b1ac-3756b72f98b1', '423f5874-50fb-3bfb-bea6-80ab42a67e6e', '2013-10-14', '1972-09-06', '355');
INSERT INTO `datphong` (`maks`, `makhach`, `ngaynhan`, `ngaytra`, `sop`) VALUES ('44789392-4fe7-3404-b1ac-3756b72f98b1', '423f5874-50fb-3bfb-bea6-80ab42a67e6e', '2015-02-01', '1994-07-04', '326');
INSERT INTO `datphong` (`maks`, `makhach`, `ngaynhan`, `ngaytra`, `sop`) VALUES ('44789392-4fe7-3404-b1ac-3756b72f98b1', '423f5874-50fb-3bfb-bea6-80ab42a67e6e', '2018-10-25', '2016-09-10', '459');
INSERT INTO `datphong` (`maks`, `makhach`, `ngaynhan`, `ngaytra`, `sop`) VALUES ('4cc941ce-992c-3058-a793-f5f9d3f05766', '4770a4a2-ab5b-3767-9438-4dc9c8e01181', '1970-06-23', '1983-11-18', '416');
INSERT INTO `datphong` (`maks`, `makhach`, `ngaynhan`, `ngaytra`, `sop`) VALUES ('4cc941ce-992c-3058-a793-f5f9d3f05766', '4770a4a2-ab5b-3767-9438-4dc9c8e01181', '1974-12-30', '2018-09-29', '330');
INSERT INTO `datphong` (`maks`, `makhach`, `ngaynhan`, `ngaytra`, `sop`) VALUES ('4cc941ce-992c-3058-a793-f5f9d3f05766', '4770a4a2-ab5b-3767-9438-4dc9c8e01181', '1977-08-07', '2020-03-17', '398');
INSERT INTO `datphong` (`maks`, `makhach`, `ngaynhan`, `ngaytra`, `sop`) VALUES ('4cc941ce-992c-3058-a793-f5f9d3f05766', '4770a4a2-ab5b-3767-9438-4dc9c8e01181', '1977-12-08', '1971-09-13', '396');
INSERT INTO `datphong` (`maks`, `makhach`, `ngaynhan`, `ngaytra`, `sop`) VALUES ('4cc941ce-992c-3058-a793-f5f9d3f05766', '4770a4a2-ab5b-3767-9438-4dc9c8e01181', '1982-04-14', '2018-02-23', '479');
INSERT INTO `datphong` (`maks`, `makhach`, `ngaynhan`, `ngaytra`, `sop`) VALUES ('4cc941ce-992c-3058-a793-f5f9d3f05766', '4770a4a2-ab5b-3767-9438-4dc9c8e01181', '1984-02-18', '1990-01-03', '304');
INSERT INTO `datphong` (`maks`, `makhach`, `ngaynhan`, `ngaytra`, `sop`) VALUES ('4cc941ce-992c-3058-a793-f5f9d3f05766', '4770a4a2-ab5b-3767-9438-4dc9c8e01181', '1988-09-23', '2013-07-27', '310');
INSERT INTO `datphong` (`maks`, `makhach`, `ngaynhan`, `ngaytra`, `sop`) VALUES ('4cc941ce-992c-3058-a793-f5f9d3f05766', '4770a4a2-ab5b-3767-9438-4dc9c8e01181', '1992-11-24', '2003-06-27', '486');
INSERT INTO `datphong` (`maks`, `makhach`, `ngaynhan`, `ngaytra`, `sop`) VALUES ('4cc941ce-992c-3058-a793-f5f9d3f05766', '4770a4a2-ab5b-3767-9438-4dc9c8e01181', '2001-06-06', '2007-09-28', '338');
INSERT INTO `datphong` (`maks`, `makhach`, `ngaynhan`, `ngaytra`, `sop`) VALUES ('4cc941ce-992c-3058-a793-f5f9d3f05766', '4770a4a2-ab5b-3767-9438-4dc9c8e01181', '2007-10-10', '1978-11-11', '488');
INSERT INTO `datphong` (`maks`, `makhach`, `ngaynhan`, `ngaytra`, `sop`) VALUES ('4d0dd2bc-ffde-3ee9-83ee-1f5725947022', '4936da08-5fa3-330a-991b-0ac30424fdda', '1970-01-23', '1974-12-05', '421');
INSERT INTO `datphong` (`maks`, `makhach`, `ngaynhan`, `ngaytra`, `sop`) VALUES ('4d0dd2bc-ffde-3ee9-83ee-1f5725947022', '4936da08-5fa3-330a-991b-0ac30424fdda', '1970-04-02', '1983-08-09', '471');
INSERT INTO `datphong` (`maks`, `makhach`, `ngaynhan`, `ngaytra`, `sop`) VALUES ('4d0dd2bc-ffde-3ee9-83ee-1f5725947022', '4936da08-5fa3-330a-991b-0ac30424fdda', '1983-12-12', '1971-12-04', '376');
INSERT INTO `datphong` (`maks`, `makhach`, `ngaynhan`, `ngaytra`, `sop`) VALUES ('4d0dd2bc-ffde-3ee9-83ee-1f5725947022', '4936da08-5fa3-330a-991b-0ac30424fdda', '1994-12-31', '1976-01-13', '448');
INSERT INTO `datphong` (`maks`, `makhach`, `ngaynhan`, `ngaytra`, `sop`) VALUES ('4d0dd2bc-ffde-3ee9-83ee-1f5725947022', '4936da08-5fa3-330a-991b-0ac30424fdda', '2001-04-02', '1985-04-24', '373');
INSERT INTO `datphong` (`maks`, `makhach`, `ngaynhan`, `ngaytra`, `sop`) VALUES ('4d0dd2bc-ffde-3ee9-83ee-1f5725947022', '4936da08-5fa3-330a-991b-0ac30424fdda', '2006-05-18', '2006-07-17', '450');
INSERT INTO `datphong` (`maks`, `makhach`, `ngaynhan`, `ngaytra`, `sop`) VALUES ('4d0dd2bc-ffde-3ee9-83ee-1f5725947022', '4936da08-5fa3-330a-991b-0ac30424fdda', '2008-12-20', '2011-11-01', '481');
INSERT INTO `datphong` (`maks`, `makhach`, `ngaynhan`, `ngaytra`, `sop`) VALUES ('4d0dd2bc-ffde-3ee9-83ee-1f5725947022', '4936da08-5fa3-330a-991b-0ac30424fdda', '2010-12-23', '2013-07-15', '380');
INSERT INTO `datphong` (`maks`, `makhach`, `ngaynhan`, `ngaytra`, `sop`) VALUES ('4d0dd2bc-ffde-3ee9-83ee-1f5725947022', '4936da08-5fa3-330a-991b-0ac30424fdda', '2013-10-10', '1991-06-22', '472');
INSERT INTO `datphong` (`maks`, `makhach`, `ngaynhan`, `ngaytra`, `sop`) VALUES ('4d0dd2bc-ffde-3ee9-83ee-1f5725947022', '4936da08-5fa3-330a-991b-0ac30424fdda', '2016-05-19', '2017-06-23', '345');
INSERT INTO `datphong` (`maks`, `makhach`, `ngaynhan`, `ngaytra`, `sop`) VALUES ('50769ba5-f60e-3880-97d2-4e2c4f413cf8', '4e3bf4bd-a29d-3f0a-81ac-e03c6ffbe2a9', '1974-05-07', '2020-02-05', '371');
INSERT INTO `datphong` (`maks`, `makhach`, `ngaynhan`, `ngaytra`, `sop`) VALUES ('50769ba5-f60e-3880-97d2-4e2c4f413cf8', '4e3bf4bd-a29d-3f0a-81ac-e03c6ffbe2a9', '1974-09-26', '2002-07-28', '457');
INSERT INTO `datphong` (`maks`, `makhach`, `ngaynhan`, `ngaytra`, `sop`) VALUES ('50769ba5-f60e-3880-97d2-4e2c4f413cf8', '4e3bf4bd-a29d-3f0a-81ac-e03c6ffbe2a9', '1980-09-17', '1984-10-10', '356');
INSERT INTO `datphong` (`maks`, `makhach`, `ngaynhan`, `ngaytra`, `sop`) VALUES ('50769ba5-f60e-3880-97d2-4e2c4f413cf8', '4e3bf4bd-a29d-3f0a-81ac-e03c6ffbe2a9', '1982-11-20', '1974-01-07', '343');
INSERT INTO `datphong` (`maks`, `makhach`, `ngaynhan`, `ngaytra`, `sop`) VALUES ('50769ba5-f60e-3880-97d2-4e2c4f413cf8', '4e3bf4bd-a29d-3f0a-81ac-e03c6ffbe2a9', '1987-03-06', '1993-04-07', '437');
INSERT INTO `datphong` (`maks`, `makhach`, `ngaynhan`, `ngaytra`, `sop`) VALUES ('50769ba5-f60e-3880-97d2-4e2c4f413cf8', '4e3bf4bd-a29d-3f0a-81ac-e03c6ffbe2a9', '1987-08-14', '1970-06-18', '360');
INSERT INTO `datphong` (`maks`, `makhach`, `ngaynhan`, `ngaytra`, `sop`) VALUES ('50769ba5-f60e-3880-97d2-4e2c4f413cf8', '4e3bf4bd-a29d-3f0a-81ac-e03c6ffbe2a9', '1988-11-10', '2009-01-01', '484');
INSERT INTO `datphong` (`maks`, `makhach`, `ngaynhan`, `ngaytra`, `sop`) VALUES ('50769ba5-f60e-3880-97d2-4e2c4f413cf8', '4e3bf4bd-a29d-3f0a-81ac-e03c6ffbe2a9', '1992-04-28', '2008-01-10', '446');
INSERT INTO `datphong` (`maks`, `makhach`, `ngaynhan`, `ngaytra`, `sop`) VALUES ('50769ba5-f60e-3880-97d2-4e2c4f413cf8', '4e3bf4bd-a29d-3f0a-81ac-e03c6ffbe2a9', '2000-12-28', '1991-02-26', '457');
INSERT INTO `datphong` (`maks`, `makhach`, `ngaynhan`, `ngaytra`, `sop`) VALUES ('50769ba5-f60e-3880-97d2-4e2c4f413cf8', '4e3bf4bd-a29d-3f0a-81ac-e03c6ffbe2a9', '2007-12-01', '1996-08-09', '345');
INSERT INTO `datphong` (`maks`, `makhach`, `ngaynhan`, `ngaytra`, `sop`) VALUES ('58cc7efb-284b-3f84-9304-7a6628cb51a8', '50097890-5cf5-370c-89f3-8a0a9510c10e', '1972-11-18', '2011-01-06', '345');
INSERT INTO `datphong` (`maks`, `makhach`, `ngaynhan`, `ngaytra`, `sop`) VALUES ('58cc7efb-284b-3f84-9304-7a6628cb51a8', '50097890-5cf5-370c-89f3-8a0a9510c10e', '1973-01-26', '2005-06-21', '417');
INSERT INTO `datphong` (`maks`, `makhach`, `ngaynhan`, `ngaytra`, `sop`) VALUES ('58cc7efb-284b-3f84-9304-7a6628cb51a8', '50097890-5cf5-370c-89f3-8a0a9510c10e', '1977-08-22', '2003-07-10', '365');
INSERT INTO `datphong` (`maks`, `makhach`, `ngaynhan`, `ngaytra`, `sop`) VALUES ('58cc7efb-284b-3f84-9304-7a6628cb51a8', '50097890-5cf5-370c-89f3-8a0a9510c10e', '1991-09-09', '1983-05-15', '438');
INSERT INTO `datphong` (`maks`, `makhach`, `ngaynhan`, `ngaytra`, `sop`) VALUES ('58cc7efb-284b-3f84-9304-7a6628cb51a8', '50097890-5cf5-370c-89f3-8a0a9510c10e', '1996-07-03', '1970-06-18', '381');
INSERT INTO `datphong` (`maks`, `makhach`, `ngaynhan`, `ngaytra`, `sop`) VALUES ('58cc7efb-284b-3f84-9304-7a6628cb51a8', '50097890-5cf5-370c-89f3-8a0a9510c10e', '2000-11-14', '1970-02-13', '329');
INSERT INTO `datphong` (`maks`, `makhach`, `ngaynhan`, `ngaytra`, `sop`) VALUES ('58cc7efb-284b-3f84-9304-7a6628cb51a8', '50097890-5cf5-370c-89f3-8a0a9510c10e', '2001-07-27', '1995-08-27', '344');
INSERT INTO `datphong` (`maks`, `makhach`, `ngaynhan`, `ngaytra`, `sop`) VALUES ('58cc7efb-284b-3f84-9304-7a6628cb51a8', '50097890-5cf5-370c-89f3-8a0a9510c10e', '2009-05-18', '1973-07-05', '360');
INSERT INTO `datphong` (`maks`, `makhach`, `ngaynhan`, `ngaytra`, `sop`) VALUES ('58cc7efb-284b-3f84-9304-7a6628cb51a8', '50097890-5cf5-370c-89f3-8a0a9510c10e', '2010-02-27', '2013-05-27', '416');
INSERT INTO `datphong` (`maks`, `makhach`, `ngaynhan`, `ngaytra`, `sop`) VALUES ('58cc7efb-284b-3f84-9304-7a6628cb51a8', '50097890-5cf5-370c-89f3-8a0a9510c10e', '2018-07-13', '1977-04-26', '371');
INSERT INTO `datphong` (`maks`, `makhach`, `ngaynhan`, `ngaytra`, `sop`) VALUES ('5c9fbc24-89f2-33f0-996e-154b005987f5', '514890f6-7db8-3d87-a4d0-9a7c34ff54e3', '1972-04-07', '2015-11-25', '321');
INSERT INTO `datphong` (`maks`, `makhach`, `ngaynhan`, `ngaytra`, `sop`) VALUES ('5c9fbc24-89f2-33f0-996e-154b005987f5', '514890f6-7db8-3d87-a4d0-9a7c34ff54e3', '1977-06-25', '1999-11-24', '348');
INSERT INTO `datphong` (`maks`, `makhach`, `ngaynhan`, `ngaytra`, `sop`) VALUES ('5c9fbc24-89f2-33f0-996e-154b005987f5', '514890f6-7db8-3d87-a4d0-9a7c34ff54e3', '1979-12-09', '1982-04-15', '334');
INSERT INTO `datphong` (`maks`, `makhach`, `ngaynhan`, `ngaytra`, `sop`) VALUES ('5c9fbc24-89f2-33f0-996e-154b005987f5', '514890f6-7db8-3d87-a4d0-9a7c34ff54e3', '1982-06-06', '2005-07-30', '497');
INSERT INTO `datphong` (`maks`, `makhach`, `ngaynhan`, `ngaytra`, `sop`) VALUES ('5c9fbc24-89f2-33f0-996e-154b005987f5', '514890f6-7db8-3d87-a4d0-9a7c34ff54e3', '2004-07-01', '1978-01-18', '301');
INSERT INTO `datphong` (`maks`, `makhach`, `ngaynhan`, `ngaytra`, `sop`) VALUES ('5c9fbc24-89f2-33f0-996e-154b005987f5', '514890f6-7db8-3d87-a4d0-9a7c34ff54e3', '2007-03-20', '1999-08-23', '371');
INSERT INTO `datphong` (`maks`, `makhach`, `ngaynhan`, `ngaytra`, `sop`) VALUES ('5c9fbc24-89f2-33f0-996e-154b005987f5', '514890f6-7db8-3d87-a4d0-9a7c34ff54e3', '2007-10-26', '1976-06-16', '487');
INSERT INTO `datphong` (`maks`, `makhach`, `ngaynhan`, `ngaytra`, `sop`) VALUES ('5c9fbc24-89f2-33f0-996e-154b005987f5', '514890f6-7db8-3d87-a4d0-9a7c34ff54e3', '2008-10-26', '2007-11-05', '471');
INSERT INTO `datphong` (`maks`, `makhach`, `ngaynhan`, `ngaytra`, `sop`) VALUES ('5c9fbc24-89f2-33f0-996e-154b005987f5', '514890f6-7db8-3d87-a4d0-9a7c34ff54e3', '2017-06-28', '1970-06-04', '443');
INSERT INTO `datphong` (`maks`, `makhach`, `ngaynhan`, `ngaytra`, `sop`) VALUES ('5c9fbc24-89f2-33f0-996e-154b005987f5', '514890f6-7db8-3d87-a4d0-9a7c34ff54e3', '2019-09-22', '2016-10-16', '449');
INSERT INTO `datphong` (`maks`, `makhach`, `ngaynhan`, `ngaytra`, `sop`) VALUES ('5d14081d-2ed4-3387-8806-eff254cad456', '5367c049-2f81-391f-bef2-9a1266993df4', '1972-09-20', '1993-08-03', '416');
INSERT INTO `datphong` (`maks`, `makhach`, `ngaynhan`, `ngaytra`, `sop`) VALUES ('5d14081d-2ed4-3387-8806-eff254cad456', '5367c049-2f81-391f-bef2-9a1266993df4', '1976-09-01', '1995-11-09', '414');
INSERT INTO `datphong` (`maks`, `makhach`, `ngaynhan`, `ngaytra`, `sop`) VALUES ('5d14081d-2ed4-3387-8806-eff254cad456', '5367c049-2f81-391f-bef2-9a1266993df4', '1976-12-08', '2002-10-03', '307');
INSERT INTO `datphong` (`maks`, `makhach`, `ngaynhan`, `ngaytra`, `sop`) VALUES ('5d14081d-2ed4-3387-8806-eff254cad456', '5367c049-2f81-391f-bef2-9a1266993df4', '1987-07-29', '1974-09-17', '322');
INSERT INTO `datphong` (`maks`, `makhach`, `ngaynhan`, `ngaytra`, `sop`) VALUES ('5d14081d-2ed4-3387-8806-eff254cad456', '5367c049-2f81-391f-bef2-9a1266993df4', '1989-03-29', '1985-03-15', '397');
INSERT INTO `datphong` (`maks`, `makhach`, `ngaynhan`, `ngaytra`, `sop`) VALUES ('5d14081d-2ed4-3387-8806-eff254cad456', '5367c049-2f81-391f-bef2-9a1266993df4', '1991-12-08', '1995-04-05', '377');
INSERT INTO `datphong` (`maks`, `makhach`, `ngaynhan`, `ngaytra`, `sop`) VALUES ('5d14081d-2ed4-3387-8806-eff254cad456', '5367c049-2f81-391f-bef2-9a1266993df4', '1998-06-13', '2009-07-07', '400');
INSERT INTO `datphong` (`maks`, `makhach`, `ngaynhan`, `ngaytra`, `sop`) VALUES ('5d14081d-2ed4-3387-8806-eff254cad456', '5367c049-2f81-391f-bef2-9a1266993df4', '2006-09-13', '1991-12-30', '495');
INSERT INTO `datphong` (`maks`, `makhach`, `ngaynhan`, `ngaytra`, `sop`) VALUES ('5d14081d-2ed4-3387-8806-eff254cad456', '5367c049-2f81-391f-bef2-9a1266993df4', '2007-11-08', '1975-05-29', '483');
INSERT INTO `datphong` (`maks`, `makhach`, `ngaynhan`, `ngaytra`, `sop`) VALUES ('5d14081d-2ed4-3387-8806-eff254cad456', '5367c049-2f81-391f-bef2-9a1266993df4', '2008-05-27', '1984-02-11', '313');
INSERT INTO `datphong` (`maks`, `makhach`, `ngaynhan`, `ngaytra`, `sop`) VALUES ('6106a6bf-e2ed-3c38-a519-ee0032b421b8', '55de06c8-bc39-300b-b228-3a6a3f8daa78', '1972-09-16', '2018-12-05', '487');
INSERT INTO `datphong` (`maks`, `makhach`, `ngaynhan`, `ngaytra`, `sop`) VALUES ('6106a6bf-e2ed-3c38-a519-ee0032b421b8', '55de06c8-bc39-300b-b228-3a6a3f8daa78', '1975-08-01', '1984-05-15', '481');
INSERT INTO `datphong` (`maks`, `makhach`, `ngaynhan`, `ngaytra`, `sop`) VALUES ('6106a6bf-e2ed-3c38-a519-ee0032b421b8', '55de06c8-bc39-300b-b228-3a6a3f8daa78', '1977-11-06', '2010-08-09', '404');
INSERT INTO `datphong` (`maks`, `makhach`, `ngaynhan`, `ngaytra`, `sop`) VALUES ('6106a6bf-e2ed-3c38-a519-ee0032b421b8', '55de06c8-bc39-300b-b228-3a6a3f8daa78', '1978-04-21', '1983-11-20', '464');
INSERT INTO `datphong` (`maks`, `makhach`, `ngaynhan`, `ngaytra`, `sop`) VALUES ('6106a6bf-e2ed-3c38-a519-ee0032b421b8', '55de06c8-bc39-300b-b228-3a6a3f8daa78', '1984-01-23', '1978-11-18', '397');
INSERT INTO `datphong` (`maks`, `makhach`, `ngaynhan`, `ngaytra`, `sop`) VALUES ('6106a6bf-e2ed-3c38-a519-ee0032b421b8', '55de06c8-bc39-300b-b228-3a6a3f8daa78', '1995-01-14', '2012-03-08', '408');
INSERT INTO `datphong` (`maks`, `makhach`, `ngaynhan`, `ngaytra`, `sop`) VALUES ('6106a6bf-e2ed-3c38-a519-ee0032b421b8', '55de06c8-bc39-300b-b228-3a6a3f8daa78', '1995-01-21', '1980-08-15', '419');
INSERT INTO `datphong` (`maks`, `makhach`, `ngaynhan`, `ngaytra`, `sop`) VALUES ('6106a6bf-e2ed-3c38-a519-ee0032b421b8', '55de06c8-bc39-300b-b228-3a6a3f8daa78', '2002-07-07', '2008-12-16', '417');
INSERT INTO `datphong` (`maks`, `makhach`, `ngaynhan`, `ngaytra`, `sop`) VALUES ('6106a6bf-e2ed-3c38-a519-ee0032b421b8', '55de06c8-bc39-300b-b228-3a6a3f8daa78', '2007-11-29', '2011-11-14', '433');
INSERT INTO `datphong` (`maks`, `makhach`, `ngaynhan`, `ngaytra`, `sop`) VALUES ('6106a6bf-e2ed-3c38-a519-ee0032b421b8', '55de06c8-bc39-300b-b228-3a6a3f8daa78', '2009-11-02', '1976-03-15', '445');
INSERT INTO `datphong` (`maks`, `makhach`, `ngaynhan`, `ngaytra`, `sop`) VALUES ('673a69ff-06eb-31fa-a12b-be56971e4f16', '57428ae6-5d87-34a9-92c8-2d1d1a10f497', '1973-11-21', '1988-03-07', '438');
INSERT INTO `datphong` (`maks`, `makhach`, `ngaynhan`, `ngaytra`, `sop`) VALUES ('673a69ff-06eb-31fa-a12b-be56971e4f16', '57428ae6-5d87-34a9-92c8-2d1d1a10f497', '1978-06-14', '2008-02-23', '469');
INSERT INTO `datphong` (`maks`, `makhach`, `ngaynhan`, `ngaytra`, `sop`) VALUES ('673a69ff-06eb-31fa-a12b-be56971e4f16', '57428ae6-5d87-34a9-92c8-2d1d1a10f497', '1979-11-14', '2017-02-19', '394');
INSERT INTO `datphong` (`maks`, `makhach`, `ngaynhan`, `ngaytra`, `sop`) VALUES ('673a69ff-06eb-31fa-a12b-be56971e4f16', '57428ae6-5d87-34a9-92c8-2d1d1a10f497', '1988-09-09', '1988-01-03', '480');
INSERT INTO `datphong` (`maks`, `makhach`, `ngaynhan`, `ngaytra`, `sop`) VALUES ('673a69ff-06eb-31fa-a12b-be56971e4f16', '57428ae6-5d87-34a9-92c8-2d1d1a10f497', '1992-10-05', '2003-09-16', '372');
INSERT INTO `datphong` (`maks`, `makhach`, `ngaynhan`, `ngaytra`, `sop`) VALUES ('673a69ff-06eb-31fa-a12b-be56971e4f16', '57428ae6-5d87-34a9-92c8-2d1d1a10f497', '1999-06-02', '1990-01-31', '304');
INSERT INTO `datphong` (`maks`, `makhach`, `ngaynhan`, `ngaytra`, `sop`) VALUES ('673a69ff-06eb-31fa-a12b-be56971e4f16', '57428ae6-5d87-34a9-92c8-2d1d1a10f497', '2005-10-10', '1970-01-15', '470');
INSERT INTO `datphong` (`maks`, `makhach`, `ngaynhan`, `ngaytra`, `sop`) VALUES ('673a69ff-06eb-31fa-a12b-be56971e4f16', '57428ae6-5d87-34a9-92c8-2d1d1a10f497', '2008-03-15', '1985-12-07', '453');
INSERT INTO `datphong` (`maks`, `makhach`, `ngaynhan`, `ngaytra`, `sop`) VALUES ('673a69ff-06eb-31fa-a12b-be56971e4f16', '57428ae6-5d87-34a9-92c8-2d1d1a10f497', '2012-01-11', '2006-03-05', '387');
INSERT INTO `datphong` (`maks`, `makhach`, `ngaynhan`, `ngaytra`, `sop`) VALUES ('673a69ff-06eb-31fa-a12b-be56971e4f16', '57428ae6-5d87-34a9-92c8-2d1d1a10f497', '2017-04-26', '2003-09-23', '500');
INSERT INTO `datphong` (`maks`, `makhach`, `ngaynhan`, `ngaytra`, `sop`) VALUES ('67bfe178-6270-33a0-b7cb-f19ef02aa614', '57e97cfa-4d72-3396-829a-bd389045d501', '1973-12-25', '2015-03-24', '408');
INSERT INTO `datphong` (`maks`, `makhach`, `ngaynhan`, `ngaytra`, `sop`) VALUES ('67bfe178-6270-33a0-b7cb-f19ef02aa614', '57e97cfa-4d72-3396-829a-bd389045d501', '1984-05-24', '1983-02-28', '447');
INSERT INTO `datphong` (`maks`, `makhach`, `ngaynhan`, `ngaytra`, `sop`) VALUES ('67bfe178-6270-33a0-b7cb-f19ef02aa614', '57e97cfa-4d72-3396-829a-bd389045d501', '1987-06-17', '1990-03-30', '452');
INSERT INTO `datphong` (`maks`, `makhach`, `ngaynhan`, `ngaytra`, `sop`) VALUES ('67bfe178-6270-33a0-b7cb-f19ef02aa614', '57e97cfa-4d72-3396-829a-bd389045d501', '1998-01-07', '1995-03-02', '363');
INSERT INTO `datphong` (`maks`, `makhach`, `ngaynhan`, `ngaytra`, `sop`) VALUES ('67bfe178-6270-33a0-b7cb-f19ef02aa614', '57e97cfa-4d72-3396-829a-bd389045d501', '1999-12-20', '1977-08-18', '367');
INSERT INTO `datphong` (`maks`, `makhach`, `ngaynhan`, `ngaytra`, `sop`) VALUES ('67bfe178-6270-33a0-b7cb-f19ef02aa614', '57e97cfa-4d72-3396-829a-bd389045d501', '2002-11-17', '2008-09-13', '360');
INSERT INTO `datphong` (`maks`, `makhach`, `ngaynhan`, `ngaytra`, `sop`) VALUES ('67bfe178-6270-33a0-b7cb-f19ef02aa614', '57e97cfa-4d72-3396-829a-bd389045d501', '2006-08-25', '1993-12-11', '393');
INSERT INTO `datphong` (`maks`, `makhach`, `ngaynhan`, `ngaytra`, `sop`) VALUES ('67bfe178-6270-33a0-b7cb-f19ef02aa614', '57e97cfa-4d72-3396-829a-bd389045d501', '2011-09-04', '1987-08-02', '476');
INSERT INTO `datphong` (`maks`, `makhach`, `ngaynhan`, `ngaytra`, `sop`) VALUES ('67bfe178-6270-33a0-b7cb-f19ef02aa614', '57e97cfa-4d72-3396-829a-bd389045d501', '2019-01-02', '2001-07-10', '487');
INSERT INTO `datphong` (`maks`, `makhach`, `ngaynhan`, `ngaytra`, `sop`) VALUES ('67bfe178-6270-33a0-b7cb-f19ef02aa614', '57e97cfa-4d72-3396-829a-bd389045d501', '2019-06-18', '1991-04-30', '300');
INSERT INTO `datphong` (`maks`, `makhach`, `ngaynhan`, `ngaytra`, `sop`) VALUES ('693b4af1-3e16-374d-a97a-657d59a05f51', '592ac64c-b629-32e6-887b-3895af731ea4', '1973-04-06', '1985-11-01', '412');
INSERT INTO `datphong` (`maks`, `makhach`, `ngaynhan`, `ngaytra`, `sop`) VALUES ('693b4af1-3e16-374d-a97a-657d59a05f51', '592ac64c-b629-32e6-887b-3895af731ea4', '1973-06-26', '1977-08-12', '321');
INSERT INTO `datphong` (`maks`, `makhach`, `ngaynhan`, `ngaytra`, `sop`) VALUES ('693b4af1-3e16-374d-a97a-657d59a05f51', '592ac64c-b629-32e6-887b-3895af731ea4', '1980-05-27', '2012-11-03', '395');
INSERT INTO `datphong` (`maks`, `makhach`, `ngaynhan`, `ngaytra`, `sop`) VALUES ('693b4af1-3e16-374d-a97a-657d59a05f51', '592ac64c-b629-32e6-887b-3895af731ea4', '1986-12-10', '2009-05-31', '462');
INSERT INTO `datphong` (`maks`, `makhach`, `ngaynhan`, `ngaytra`, `sop`) VALUES ('693b4af1-3e16-374d-a97a-657d59a05f51', '592ac64c-b629-32e6-887b-3895af731ea4', '1989-09-30', '2018-03-23', '463');
INSERT INTO `datphong` (`maks`, `makhach`, `ngaynhan`, `ngaytra`, `sop`) VALUES ('693b4af1-3e16-374d-a97a-657d59a05f51', '592ac64c-b629-32e6-887b-3895af731ea4', '1990-04-23', '2008-11-03', '354');
INSERT INTO `datphong` (`maks`, `makhach`, `ngaynhan`, `ngaytra`, `sop`) VALUES ('693b4af1-3e16-374d-a97a-657d59a05f51', '592ac64c-b629-32e6-887b-3895af731ea4', '1991-11-22', '2005-06-03', '402');
INSERT INTO `datphong` (`maks`, `makhach`, `ngaynhan`, `ngaytra`, `sop`) VALUES ('693b4af1-3e16-374d-a97a-657d59a05f51', '592ac64c-b629-32e6-887b-3895af731ea4', '2007-05-15', '1976-07-10', '320');
INSERT INTO `datphong` (`maks`, `makhach`, `ngaynhan`, `ngaytra`, `sop`) VALUES ('693b4af1-3e16-374d-a97a-657d59a05f51', '592ac64c-b629-32e6-887b-3895af731ea4', '2009-11-04', '2011-05-09', '369');
INSERT INTO `datphong` (`maks`, `makhach`, `ngaynhan`, `ngaytra`, `sop`) VALUES ('693b4af1-3e16-374d-a97a-657d59a05f51', '592ac64c-b629-32e6-887b-3895af731ea4', '2019-02-07', '1988-07-13', '356');
INSERT INTO `datphong` (`maks`, `makhach`, `ngaynhan`, `ngaytra`, `sop`) VALUES ('74b1db63-2688-3702-ac25-99d48d19ba8c', '5c26daf2-a019-3c3b-b64d-cff4f6c48ab3', '1970-06-14', '2003-11-24', '328');
INSERT INTO `datphong` (`maks`, `makhach`, `ngaynhan`, `ngaytra`, `sop`) VALUES ('74b1db63-2688-3702-ac25-99d48d19ba8c', '5c26daf2-a019-3c3b-b64d-cff4f6c48ab3', '1971-03-27', '1971-09-19', '412');
INSERT INTO `datphong` (`maks`, `makhach`, `ngaynhan`, `ngaytra`, `sop`) VALUES ('74b1db63-2688-3702-ac25-99d48d19ba8c', '5c26daf2-a019-3c3b-b64d-cff4f6c48ab3', '1971-08-18', '1980-09-19', '304');
INSERT INTO `datphong` (`maks`, `makhach`, `ngaynhan`, `ngaytra`, `sop`) VALUES ('74b1db63-2688-3702-ac25-99d48d19ba8c', '5c26daf2-a019-3c3b-b64d-cff4f6c48ab3', '1979-02-19', '1995-05-09', '395');
INSERT INTO `datphong` (`maks`, `makhach`, `ngaynhan`, `ngaytra`, `sop`) VALUES ('74b1db63-2688-3702-ac25-99d48d19ba8c', '5c26daf2-a019-3c3b-b64d-cff4f6c48ab3', '1986-12-17', '1991-08-18', '349');
INSERT INTO `datphong` (`maks`, `makhach`, `ngaynhan`, `ngaytra`, `sop`) VALUES ('74b1db63-2688-3702-ac25-99d48d19ba8c', '5c26daf2-a019-3c3b-b64d-cff4f6c48ab3', '1989-09-06', '2000-12-30', '402');
INSERT INTO `datphong` (`maks`, `makhach`, `ngaynhan`, `ngaytra`, `sop`) VALUES ('74b1db63-2688-3702-ac25-99d48d19ba8c', '5c26daf2-a019-3c3b-b64d-cff4f6c48ab3', '2000-06-15', '1972-03-22', '347');
INSERT INTO `datphong` (`maks`, `makhach`, `ngaynhan`, `ngaytra`, `sop`) VALUES ('74b1db63-2688-3702-ac25-99d48d19ba8c', '5c26daf2-a019-3c3b-b64d-cff4f6c48ab3', '2001-06-24', '1993-06-21', '483');
INSERT INTO `datphong` (`maks`, `makhach`, `ngaynhan`, `ngaytra`, `sop`) VALUES ('74b1db63-2688-3702-ac25-99d48d19ba8c', '5c26daf2-a019-3c3b-b64d-cff4f6c48ab3', '2002-03-22', '2009-05-11', '467');
INSERT INTO `datphong` (`maks`, `makhach`, `ngaynhan`, `ngaytra`, `sop`) VALUES ('74b1db63-2688-3702-ac25-99d48d19ba8c', '5c26daf2-a019-3c3b-b64d-cff4f6c48ab3', '2003-09-29', '1986-10-01', '453');
INSERT INTO `datphong` (`maks`, `makhach`, `ngaynhan`, `ngaytra`, `sop`) VALUES ('751f8a0a-09bf-32ab-b637-64acefbfabb1', '5e06b025-933b-3986-a4ee-76a2beee6e5f', '1973-10-05', '2013-04-04', '382');
INSERT INTO `datphong` (`maks`, `makhach`, `ngaynhan`, `ngaytra`, `sop`) VALUES ('751f8a0a-09bf-32ab-b637-64acefbfabb1', '5e06b025-933b-3986-a4ee-76a2beee6e5f', '1975-06-21', '2000-11-17', '303');
INSERT INTO `datphong` (`maks`, `makhach`, `ngaynhan`, `ngaytra`, `sop`) VALUES ('751f8a0a-09bf-32ab-b637-64acefbfabb1', '5e06b025-933b-3986-a4ee-76a2beee6e5f', '1976-05-10', '1999-03-15', '378');
INSERT INTO `datphong` (`maks`, `makhach`, `ngaynhan`, `ngaytra`, `sop`) VALUES ('751f8a0a-09bf-32ab-b637-64acefbfabb1', '5e06b025-933b-3986-a4ee-76a2beee6e5f', '1981-08-23', '2019-01-09', '379');
INSERT INTO `datphong` (`maks`, `makhach`, `ngaynhan`, `ngaytra`, `sop`) VALUES ('751f8a0a-09bf-32ab-b637-64acefbfabb1', '5e06b025-933b-3986-a4ee-76a2beee6e5f', '1985-05-18', '1976-04-02', '314');
INSERT INTO `datphong` (`maks`, `makhach`, `ngaynhan`, `ngaytra`, `sop`) VALUES ('751f8a0a-09bf-32ab-b637-64acefbfabb1', '5e06b025-933b-3986-a4ee-76a2beee6e5f', '1992-06-14', '1991-10-29', '328');
INSERT INTO `datphong` (`maks`, `makhach`, `ngaynhan`, `ngaytra`, `sop`) VALUES ('751f8a0a-09bf-32ab-b637-64acefbfabb1', '5e06b025-933b-3986-a4ee-76a2beee6e5f', '1997-11-27', '1977-10-10', '422');
INSERT INTO `datphong` (`maks`, `makhach`, `ngaynhan`, `ngaytra`, `sop`) VALUES ('751f8a0a-09bf-32ab-b637-64acefbfabb1', '5e06b025-933b-3986-a4ee-76a2beee6e5f', '1999-05-30', '1986-12-10', '494');
INSERT INTO `datphong` (`maks`, `makhach`, `ngaynhan`, `ngaytra`, `sop`) VALUES ('751f8a0a-09bf-32ab-b637-64acefbfabb1', '5e06b025-933b-3986-a4ee-76a2beee6e5f', '2007-06-27', '2013-12-12', '474');
INSERT INTO `datphong` (`maks`, `makhach`, `ngaynhan`, `ngaytra`, `sop`) VALUES ('751f8a0a-09bf-32ab-b637-64acefbfabb1', '5e06b025-933b-3986-a4ee-76a2beee6e5f', '2007-12-30', '1986-11-30', '305');
INSERT INTO `datphong` (`maks`, `makhach`, `ngaynhan`, `ngaytra`, `sop`) VALUES ('7a36c746-c5d5-3154-9a6b-af746036c9ab', '5e0f1afd-a7d7-36a3-935c-35eab0a4b11f', '1973-01-23', '1996-09-18', '356');
INSERT INTO `datphong` (`maks`, `makhach`, `ngaynhan`, `ngaytra`, `sop`) VALUES ('7a36c746-c5d5-3154-9a6b-af746036c9ab', '5e0f1afd-a7d7-36a3-935c-35eab0a4b11f', '1976-08-10', '2003-03-19', '450');
INSERT INTO `datphong` (`maks`, `makhach`, `ngaynhan`, `ngaytra`, `sop`) VALUES ('7a36c746-c5d5-3154-9a6b-af746036c9ab', '5e0f1afd-a7d7-36a3-935c-35eab0a4b11f', '1992-07-04', '1991-08-10', '383');
INSERT INTO `datphong` (`maks`, `makhach`, `ngaynhan`, `ngaytra`, `sop`) VALUES ('7a36c746-c5d5-3154-9a6b-af746036c9ab', '5e0f1afd-a7d7-36a3-935c-35eab0a4b11f', '1992-07-08', '2008-01-22', '334');
INSERT INTO `datphong` (`maks`, `makhach`, `ngaynhan`, `ngaytra`, `sop`) VALUES ('7a36c746-c5d5-3154-9a6b-af746036c9ab', '5e0f1afd-a7d7-36a3-935c-35eab0a4b11f', '1992-08-04', '1975-09-29', '343');
INSERT INTO `datphong` (`maks`, `makhach`, `ngaynhan`, `ngaytra`, `sop`) VALUES ('7a36c746-c5d5-3154-9a6b-af746036c9ab', '5e0f1afd-a7d7-36a3-935c-35eab0a4b11f', '1993-02-09', '1990-03-11', '348');
INSERT INTO `datphong` (`maks`, `makhach`, `ngaynhan`, `ngaytra`, `sop`) VALUES ('7a36c746-c5d5-3154-9a6b-af746036c9ab', '5e0f1afd-a7d7-36a3-935c-35eab0a4b11f', '2004-03-27', '1981-07-14', '338');
INSERT INTO `datphong` (`maks`, `makhach`, `ngaynhan`, `ngaytra`, `sop`) VALUES ('7a36c746-c5d5-3154-9a6b-af746036c9ab', '5e0f1afd-a7d7-36a3-935c-35eab0a4b11f', '2008-03-21', '1987-05-18', '307');
INSERT INTO `datphong` (`maks`, `makhach`, `ngaynhan`, `ngaytra`, `sop`) VALUES ('7a36c746-c5d5-3154-9a6b-af746036c9ab', '5e0f1afd-a7d7-36a3-935c-35eab0a4b11f', '2010-07-07', '1983-03-16', '307');
INSERT INTO `datphong` (`maks`, `makhach`, `ngaynhan`, `ngaytra`, `sop`) VALUES ('7a36c746-c5d5-3154-9a6b-af746036c9ab', '5e0f1afd-a7d7-36a3-935c-35eab0a4b11f', '2019-04-04', '1970-10-26', '474');
INSERT INTO `datphong` (`maks`, `makhach`, `ngaynhan`, `ngaytra`, `sop`) VALUES ('7ace7423-424e-3f5f-9fa6-9b64cb1d1be8', '602a35d4-bad5-37f1-be2c-8eeca20fea43', '1972-05-05', '2016-06-05', '338');
INSERT INTO `datphong` (`maks`, `makhach`, `ngaynhan`, `ngaytra`, `sop`) VALUES ('7ace7423-424e-3f5f-9fa6-9b64cb1d1be8', '602a35d4-bad5-37f1-be2c-8eeca20fea43', '1974-08-25', '2004-11-04', '393');
INSERT INTO `datphong` (`maks`, `makhach`, `ngaynhan`, `ngaytra`, `sop`) VALUES ('7ace7423-424e-3f5f-9fa6-9b64cb1d1be8', '602a35d4-bad5-37f1-be2c-8eeca20fea43', '1975-03-07', '2018-11-25', '468');
INSERT INTO `datphong` (`maks`, `makhach`, `ngaynhan`, `ngaytra`, `sop`) VALUES ('7ace7423-424e-3f5f-9fa6-9b64cb1d1be8', '602a35d4-bad5-37f1-be2c-8eeca20fea43', '1981-09-25', '1996-09-21', '443');
INSERT INTO `datphong` (`maks`, `makhach`, `ngaynhan`, `ngaytra`, `sop`) VALUES ('7ace7423-424e-3f5f-9fa6-9b64cb1d1be8', '602a35d4-bad5-37f1-be2c-8eeca20fea43', '1983-04-20', '2002-12-02', '318');
INSERT INTO `datphong` (`maks`, `makhach`, `ngaynhan`, `ngaytra`, `sop`) VALUES ('7ace7423-424e-3f5f-9fa6-9b64cb1d1be8', '602a35d4-bad5-37f1-be2c-8eeca20fea43', '1985-03-12', '1995-01-04', '443');
INSERT INTO `datphong` (`maks`, `makhach`, `ngaynhan`, `ngaytra`, `sop`) VALUES ('7ace7423-424e-3f5f-9fa6-9b64cb1d1be8', '602a35d4-bad5-37f1-be2c-8eeca20fea43', '1986-10-09', '2014-07-29', '382');
INSERT INTO `datphong` (`maks`, `makhach`, `ngaynhan`, `ngaytra`, `sop`) VALUES ('7ace7423-424e-3f5f-9fa6-9b64cb1d1be8', '602a35d4-bad5-37f1-be2c-8eeca20fea43', '2003-01-19', '1999-06-13', '498');
INSERT INTO `datphong` (`maks`, `makhach`, `ngaynhan`, `ngaytra`, `sop`) VALUES ('7ace7423-424e-3f5f-9fa6-9b64cb1d1be8', '602a35d4-bad5-37f1-be2c-8eeca20fea43', '2015-04-18', '1974-05-30', '362');
INSERT INTO `datphong` (`maks`, `makhach`, `ngaynhan`, `ngaytra`, `sop`) VALUES ('7ace7423-424e-3f5f-9fa6-9b64cb1d1be8', '602a35d4-bad5-37f1-be2c-8eeca20fea43', '2018-04-22', '1971-04-17', '324');
INSERT INTO `datphong` (`maks`, `makhach`, `ngaynhan`, `ngaytra`, `sop`) VALUES ('7e3e8a5c-7c37-3892-8f6f-9420d1eb6d88', '62772166-a62a-306e-a9f1-adf0154f3622', '1970-02-12', '1980-09-15', '479');
INSERT INTO `datphong` (`maks`, `makhach`, `ngaynhan`, `ngaytra`, `sop`) VALUES ('7e3e8a5c-7c37-3892-8f6f-9420d1eb6d88', '62772166-a62a-306e-a9f1-adf0154f3622', '1971-11-04', '2015-03-22', '335');
INSERT INTO `datphong` (`maks`, `makhach`, `ngaynhan`, `ngaytra`, `sop`) VALUES ('7e3e8a5c-7c37-3892-8f6f-9420d1eb6d88', '62772166-a62a-306e-a9f1-adf0154f3622', '1973-12-17', '1996-01-18', '331');
INSERT INTO `datphong` (`maks`, `makhach`, `ngaynhan`, `ngaytra`, `sop`) VALUES ('7e3e8a5c-7c37-3892-8f6f-9420d1eb6d88', '62772166-a62a-306e-a9f1-adf0154f3622', '1974-01-10', '1990-06-24', '407');
INSERT INTO `datphong` (`maks`, `makhach`, `ngaynhan`, `ngaytra`, `sop`) VALUES ('7e3e8a5c-7c37-3892-8f6f-9420d1eb6d88', '62772166-a62a-306e-a9f1-adf0154f3622', '1978-01-27', '2008-08-12', '412');
INSERT INTO `datphong` (`maks`, `makhach`, `ngaynhan`, `ngaytra`, `sop`) VALUES ('7e3e8a5c-7c37-3892-8f6f-9420d1eb6d88', '62772166-a62a-306e-a9f1-adf0154f3622', '1978-09-12', '1992-10-24', '499');
INSERT INTO `datphong` (`maks`, `makhach`, `ngaynhan`, `ngaytra`, `sop`) VALUES ('7e3e8a5c-7c37-3892-8f6f-9420d1eb6d88', '62772166-a62a-306e-a9f1-adf0154f3622', '1987-10-11', '1979-06-20', '402');
INSERT INTO `datphong` (`maks`, `makhach`, `ngaynhan`, `ngaytra`, `sop`) VALUES ('7e3e8a5c-7c37-3892-8f6f-9420d1eb6d88', '62772166-a62a-306e-a9f1-adf0154f3622', '1992-10-13', '1970-07-19', '327');
INSERT INTO `datphong` (`maks`, `makhach`, `ngaynhan`, `ngaytra`, `sop`) VALUES ('7e3e8a5c-7c37-3892-8f6f-9420d1eb6d88', '62772166-a62a-306e-a9f1-adf0154f3622', '2001-01-19', '2002-11-12', '325');
INSERT INTO `datphong` (`maks`, `makhach`, `ngaynhan`, `ngaytra`, `sop`) VALUES ('7e3e8a5c-7c37-3892-8f6f-9420d1eb6d88', '62772166-a62a-306e-a9f1-adf0154f3622', '2013-08-20', '1982-10-04', '381');
INSERT INTO `datphong` (`maks`, `makhach`, `ngaynhan`, `ngaytra`, `sop`) VALUES ('80e21683-f4e7-3ce1-86a6-e7685214f0f5', '62c9f68e-2124-3531-8504-670618cc28d4', '1973-08-21', '2002-06-06', '442');
INSERT INTO `datphong` (`maks`, `makhach`, `ngaynhan`, `ngaytra`, `sop`) VALUES ('80e21683-f4e7-3ce1-86a6-e7685214f0f5', '62c9f68e-2124-3531-8504-670618cc28d4', '1975-11-27', '2015-11-17', '479');
INSERT INTO `datphong` (`maks`, `makhach`, `ngaynhan`, `ngaytra`, `sop`) VALUES ('80e21683-f4e7-3ce1-86a6-e7685214f0f5', '62c9f68e-2124-3531-8504-670618cc28d4', '1977-04-04', '2005-11-04', '399');
INSERT INTO `datphong` (`maks`, `makhach`, `ngaynhan`, `ngaytra`, `sop`) VALUES ('80e21683-f4e7-3ce1-86a6-e7685214f0f5', '62c9f68e-2124-3531-8504-670618cc28d4', '1982-11-22', '1970-04-30', '425');
INSERT INTO `datphong` (`maks`, `makhach`, `ngaynhan`, `ngaytra`, `sop`) VALUES ('80e21683-f4e7-3ce1-86a6-e7685214f0f5', '62c9f68e-2124-3531-8504-670618cc28d4', '1988-03-14', '1995-02-13', '478');
INSERT INTO `datphong` (`maks`, `makhach`, `ngaynhan`, `ngaytra`, `sop`) VALUES ('80e21683-f4e7-3ce1-86a6-e7685214f0f5', '62c9f68e-2124-3531-8504-670618cc28d4', '1989-08-02', '2003-07-30', '385');
INSERT INTO `datphong` (`maks`, `makhach`, `ngaynhan`, `ngaytra`, `sop`) VALUES ('80e21683-f4e7-3ce1-86a6-e7685214f0f5', '62c9f68e-2124-3531-8504-670618cc28d4', '1992-07-12', '2019-09-13', '398');
INSERT INTO `datphong` (`maks`, `makhach`, `ngaynhan`, `ngaytra`, `sop`) VALUES ('80e21683-f4e7-3ce1-86a6-e7685214f0f5', '62c9f68e-2124-3531-8504-670618cc28d4', '1995-02-15', '1994-03-19', '376');
INSERT INTO `datphong` (`maks`, `makhach`, `ngaynhan`, `ngaytra`, `sop`) VALUES ('80e21683-f4e7-3ce1-86a6-e7685214f0f5', '62c9f68e-2124-3531-8504-670618cc28d4', '1999-01-02', '2011-04-18', '339');
INSERT INTO `datphong` (`maks`, `makhach`, `ngaynhan`, `ngaytra`, `sop`) VALUES ('80e21683-f4e7-3ce1-86a6-e7685214f0f5', '62c9f68e-2124-3531-8504-670618cc28d4', '2009-10-31', '1981-05-19', '301');
INSERT INTO `datphong` (`maks`, `makhach`, `ngaynhan`, `ngaytra`, `sop`) VALUES ('82546078-1df2-314e-977b-6e6cf67fe27d', '6652d7b1-f7c6-3839-a119-bf5dbafa4ebf', '1973-10-22', '1999-12-29', '307');
INSERT INTO `datphong` (`maks`, `makhach`, `ngaynhan`, `ngaytra`, `sop`) VALUES ('82546078-1df2-314e-977b-6e6cf67fe27d', '6652d7b1-f7c6-3839-a119-bf5dbafa4ebf', '1978-04-07', '1994-11-03', '414');
INSERT INTO `datphong` (`maks`, `makhach`, `ngaynhan`, `ngaytra`, `sop`) VALUES ('82546078-1df2-314e-977b-6e6cf67fe27d', '6652d7b1-f7c6-3839-a119-bf5dbafa4ebf', '1980-05-03', '1993-11-23', '405');
INSERT INTO `datphong` (`maks`, `makhach`, `ngaynhan`, `ngaytra`, `sop`) VALUES ('82546078-1df2-314e-977b-6e6cf67fe27d', '6652d7b1-f7c6-3839-a119-bf5dbafa4ebf', '1983-03-18', '2001-11-17', '492');
INSERT INTO `datphong` (`maks`, `makhach`, `ngaynhan`, `ngaytra`, `sop`) VALUES ('82546078-1df2-314e-977b-6e6cf67fe27d', '6652d7b1-f7c6-3839-a119-bf5dbafa4ebf', '1986-03-02', '2001-09-07', '452');
INSERT INTO `datphong` (`maks`, `makhach`, `ngaynhan`, `ngaytra`, `sop`) VALUES ('82546078-1df2-314e-977b-6e6cf67fe27d', '6652d7b1-f7c6-3839-a119-bf5dbafa4ebf', '1999-04-23', '1983-11-08', '429');
INSERT INTO `datphong` (`maks`, `makhach`, `ngaynhan`, `ngaytra`, `sop`) VALUES ('82546078-1df2-314e-977b-6e6cf67fe27d', '6652d7b1-f7c6-3839-a119-bf5dbafa4ebf', '2005-01-23', '2006-10-11', '472');
INSERT INTO `datphong` (`maks`, `makhach`, `ngaynhan`, `ngaytra`, `sop`) VALUES ('82546078-1df2-314e-977b-6e6cf67fe27d', '6652d7b1-f7c6-3839-a119-bf5dbafa4ebf', '2006-03-27', '1975-01-06', '385');
INSERT INTO `datphong` (`maks`, `makhach`, `ngaynhan`, `ngaytra`, `sop`) VALUES ('82546078-1df2-314e-977b-6e6cf67fe27d', '6652d7b1-f7c6-3839-a119-bf5dbafa4ebf', '2008-10-12', '2006-05-14', '341');
INSERT INTO `datphong` (`maks`, `makhach`, `ngaynhan`, `ngaytra`, `sop`) VALUES ('82546078-1df2-314e-977b-6e6cf67fe27d', '6652d7b1-f7c6-3839-a119-bf5dbafa4ebf', '2017-02-26', '1992-12-12', '317');
INSERT INTO `datphong` (`maks`, `makhach`, `ngaynhan`, `ngaytra`, `sop`) VALUES ('82773138-a91a-398c-a2d3-b909e1793cf9', '684a417c-de58-3431-9cce-a69401c61864', '1974-06-07', '1997-11-01', '360');
INSERT INTO `datphong` (`maks`, `makhach`, `ngaynhan`, `ngaytra`, `sop`) VALUES ('82773138-a91a-398c-a2d3-b909e1793cf9', '684a417c-de58-3431-9cce-a69401c61864', '1988-06-27', '1985-01-15', '497');
INSERT INTO `datphong` (`maks`, `makhach`, `ngaynhan`, `ngaytra`, `sop`) VALUES ('82773138-a91a-398c-a2d3-b909e1793cf9', '684a417c-de58-3431-9cce-a69401c61864', '2001-01-13', '2009-12-03', '348');
INSERT INTO `datphong` (`maks`, `makhach`, `ngaynhan`, `ngaytra`, `sop`) VALUES ('82773138-a91a-398c-a2d3-b909e1793cf9', '684a417c-de58-3431-9cce-a69401c61864', '2003-07-28', '1974-03-22', '487');
INSERT INTO `datphong` (`maks`, `makhach`, `ngaynhan`, `ngaytra`, `sop`) VALUES ('82773138-a91a-398c-a2d3-b909e1793cf9', '684a417c-de58-3431-9cce-a69401c61864', '2005-04-12', '1994-09-28', '405');
INSERT INTO `datphong` (`maks`, `makhach`, `ngaynhan`, `ngaytra`, `sop`) VALUES ('82773138-a91a-398c-a2d3-b909e1793cf9', '684a417c-de58-3431-9cce-a69401c61864', '2006-02-22', '1994-11-11', '373');
INSERT INTO `datphong` (`maks`, `makhach`, `ngaynhan`, `ngaytra`, `sop`) VALUES ('82773138-a91a-398c-a2d3-b909e1793cf9', '684a417c-de58-3431-9cce-a69401c61864', '2006-11-12', '1970-08-28', '420');
INSERT INTO `datphong` (`maks`, `makhach`, `ngaynhan`, `ngaytra`, `sop`) VALUES ('82773138-a91a-398c-a2d3-b909e1793cf9', '684a417c-de58-3431-9cce-a69401c61864', '2007-01-28', '2008-11-03', '446');
INSERT INTO `datphong` (`maks`, `makhach`, `ngaynhan`, `ngaytra`, `sop`) VALUES ('82773138-a91a-398c-a2d3-b909e1793cf9', '684a417c-de58-3431-9cce-a69401c61864', '2008-05-01', '1985-09-07', '416');
INSERT INTO `datphong` (`maks`, `makhach`, `ngaynhan`, `ngaytra`, `sop`) VALUES ('82773138-a91a-398c-a2d3-b909e1793cf9', '684a417c-de58-3431-9cce-a69401c61864', '2008-05-02', '2011-03-29', '322');
INSERT INTO `datphong` (`maks`, `makhach`, `ngaynhan`, `ngaytra`, `sop`) VALUES ('8578c4e2-7eed-396f-af60-17ef52ae673a', '699041ec-08bb-397b-a099-4c34f9cd4962', '1978-08-28', '1986-04-01', '409');
INSERT INTO `datphong` (`maks`, `makhach`, `ngaynhan`, `ngaytra`, `sop`) VALUES ('8578c4e2-7eed-396f-af60-17ef52ae673a', '699041ec-08bb-397b-a099-4c34f9cd4962', '1989-03-14', '1987-07-16', '478');
INSERT INTO `datphong` (`maks`, `makhach`, `ngaynhan`, `ngaytra`, `sop`) VALUES ('8578c4e2-7eed-396f-af60-17ef52ae673a', '699041ec-08bb-397b-a099-4c34f9cd4962', '1994-10-11', '2016-05-10', '454');
INSERT INTO `datphong` (`maks`, `makhach`, `ngaynhan`, `ngaytra`, `sop`) VALUES ('8578c4e2-7eed-396f-af60-17ef52ae673a', '699041ec-08bb-397b-a099-4c34f9cd4962', '1998-03-20', '1983-10-05', '460');
INSERT INTO `datphong` (`maks`, `makhach`, `ngaynhan`, `ngaytra`, `sop`) VALUES ('8578c4e2-7eed-396f-af60-17ef52ae673a', '699041ec-08bb-397b-a099-4c34f9cd4962', '2002-06-22', '1995-07-09', '469');
INSERT INTO `datphong` (`maks`, `makhach`, `ngaynhan`, `ngaytra`, `sop`) VALUES ('8578c4e2-7eed-396f-af60-17ef52ae673a', '699041ec-08bb-397b-a099-4c34f9cd4962', '2006-03-02', '2000-03-26', '371');
INSERT INTO `datphong` (`maks`, `makhach`, `ngaynhan`, `ngaytra`, `sop`) VALUES ('8578c4e2-7eed-396f-af60-17ef52ae673a', '699041ec-08bb-397b-a099-4c34f9cd4962', '2008-06-11', '1998-09-07', '318');
INSERT INTO `datphong` (`maks`, `makhach`, `ngaynhan`, `ngaytra`, `sop`) VALUES ('8578c4e2-7eed-396f-af60-17ef52ae673a', '699041ec-08bb-397b-a099-4c34f9cd4962', '2012-06-28', '1996-10-29', '341');
INSERT INTO `datphong` (`maks`, `makhach`, `ngaynhan`, `ngaytra`, `sop`) VALUES ('8578c4e2-7eed-396f-af60-17ef52ae673a', '699041ec-08bb-397b-a099-4c34f9cd4962', '2016-12-12', '1985-03-10', '310');
INSERT INTO `datphong` (`maks`, `makhach`, `ngaynhan`, `ngaytra`, `sop`) VALUES ('8578c4e2-7eed-396f-af60-17ef52ae673a', '699041ec-08bb-397b-a099-4c34f9cd4962', '2017-07-01', '1998-08-18', '399');
INSERT INTO `datphong` (`maks`, `makhach`, `ngaynhan`, `ngaytra`, `sop`) VALUES ('866513cd-b52b-3667-ab8f-b986dcf4af96', '6ba2cd4b-0af0-3330-91b3-bf8700a21517', '1971-07-04', '1973-10-05', '363');
INSERT INTO `datphong` (`maks`, `makhach`, `ngaynhan`, `ngaytra`, `sop`) VALUES ('866513cd-b52b-3667-ab8f-b986dcf4af96', '6ba2cd4b-0af0-3330-91b3-bf8700a21517', '1975-03-25', '2007-04-06', '453');
INSERT INTO `datphong` (`maks`, `makhach`, `ngaynhan`, `ngaytra`, `sop`) VALUES ('866513cd-b52b-3667-ab8f-b986dcf4af96', '6ba2cd4b-0af0-3330-91b3-bf8700a21517', '1992-11-29', '2019-06-24', '495');
INSERT INTO `datphong` (`maks`, `makhach`, `ngaynhan`, `ngaytra`, `sop`) VALUES ('866513cd-b52b-3667-ab8f-b986dcf4af96', '6ba2cd4b-0af0-3330-91b3-bf8700a21517', '1996-07-30', '1977-11-20', '483');
INSERT INTO `datphong` (`maks`, `makhach`, `ngaynhan`, `ngaytra`, `sop`) VALUES ('866513cd-b52b-3667-ab8f-b986dcf4af96', '6ba2cd4b-0af0-3330-91b3-bf8700a21517', '1996-11-17', '1979-12-12', '474');
INSERT INTO `datphong` (`maks`, `makhach`, `ngaynhan`, `ngaytra`, `sop`) VALUES ('866513cd-b52b-3667-ab8f-b986dcf4af96', '6ba2cd4b-0af0-3330-91b3-bf8700a21517', '1999-09-17', '2005-01-31', '471');
INSERT INTO `datphong` (`maks`, `makhach`, `ngaynhan`, `ngaytra`, `sop`) VALUES ('866513cd-b52b-3667-ab8f-b986dcf4af96', '6ba2cd4b-0af0-3330-91b3-bf8700a21517', '2007-08-03', '1992-04-19', '342');
INSERT INTO `datphong` (`maks`, `makhach`, `ngaynhan`, `ngaytra`, `sop`) VALUES ('866513cd-b52b-3667-ab8f-b986dcf4af96', '6ba2cd4b-0af0-3330-91b3-bf8700a21517', '2010-03-06', '2017-05-07', '355');
INSERT INTO `datphong` (`maks`, `makhach`, `ngaynhan`, `ngaytra`, `sop`) VALUES ('866513cd-b52b-3667-ab8f-b986dcf4af96', '6ba2cd4b-0af0-3330-91b3-bf8700a21517', '2016-12-17', '2020-06-27', '467');
INSERT INTO `datphong` (`maks`, `makhach`, `ngaynhan`, `ngaytra`, `sop`) VALUES ('866513cd-b52b-3667-ab8f-b986dcf4af96', '6ba2cd4b-0af0-3330-91b3-bf8700a21517', '2020-02-13', '1985-01-26', '482');
INSERT INTO `datphong` (`maks`, `makhach`, `ngaynhan`, `ngaytra`, `sop`) VALUES ('87342d67-4466-395f-8b80-0b22f35a7f9f', '6ced85dd-e98d-300c-beb0-08d0f997e7f2', '1971-09-24', '2004-05-11', '433');
INSERT INTO `datphong` (`maks`, `makhach`, `ngaynhan`, `ngaytra`, `sop`) VALUES ('87342d67-4466-395f-8b80-0b22f35a7f9f', '6ced85dd-e98d-300c-beb0-08d0f997e7f2', '1971-09-29', '1979-06-01', '465');
INSERT INTO `datphong` (`maks`, `makhach`, `ngaynhan`, `ngaytra`, `sop`) VALUES ('87342d67-4466-395f-8b80-0b22f35a7f9f', '6ced85dd-e98d-300c-beb0-08d0f997e7f2', '1971-11-12', '1990-01-15', '457');
INSERT INTO `datphong` (`maks`, `makhach`, `ngaynhan`, `ngaytra`, `sop`) VALUES ('87342d67-4466-395f-8b80-0b22f35a7f9f', '6ced85dd-e98d-300c-beb0-08d0f997e7f2', '1976-07-21', '2014-10-07', '308');
INSERT INTO `datphong` (`maks`, `makhach`, `ngaynhan`, `ngaytra`, `sop`) VALUES ('87342d67-4466-395f-8b80-0b22f35a7f9f', '6ced85dd-e98d-300c-beb0-08d0f997e7f2', '1996-01-16', '1988-12-04', '319');
INSERT INTO `datphong` (`maks`, `makhach`, `ngaynhan`, `ngaytra`, `sop`) VALUES ('87342d67-4466-395f-8b80-0b22f35a7f9f', '6ced85dd-e98d-300c-beb0-08d0f997e7f2', '1998-01-19', '1986-02-03', '419');
INSERT INTO `datphong` (`maks`, `makhach`, `ngaynhan`, `ngaytra`, `sop`) VALUES ('87342d67-4466-395f-8b80-0b22f35a7f9f', '6ced85dd-e98d-300c-beb0-08d0f997e7f2', '1999-04-15', '1970-05-18', '457');
INSERT INTO `datphong` (`maks`, `makhach`, `ngaynhan`, `ngaytra`, `sop`) VALUES ('87342d67-4466-395f-8b80-0b22f35a7f9f', '6ced85dd-e98d-300c-beb0-08d0f997e7f2', '2005-08-08', '2006-12-20', '327');
INSERT INTO `datphong` (`maks`, `makhach`, `ngaynhan`, `ngaytra`, `sop`) VALUES ('87342d67-4466-395f-8b80-0b22f35a7f9f', '6ced85dd-e98d-300c-beb0-08d0f997e7f2', '2005-12-21', '1977-09-01', '486');
INSERT INTO `datphong` (`maks`, `makhach`, `ngaynhan`, `ngaytra`, `sop`) VALUES ('87342d67-4466-395f-8b80-0b22f35a7f9f', '6ced85dd-e98d-300c-beb0-08d0f997e7f2', '2013-10-22', '1999-01-29', '309');
INSERT INTO `datphong` (`maks`, `makhach`, `ngaynhan`, `ngaytra`, `sop`) VALUES ('892ea353-25f4-3227-83de-75157bb08bf9', '710cca5c-6377-3da5-9c34-5b916a2513ca', '1987-06-05', '1981-02-01', '497');
INSERT INTO `datphong` (`maks`, `makhach`, `ngaynhan`, `ngaytra`, `sop`) VALUES ('892ea353-25f4-3227-83de-75157bb08bf9', '710cca5c-6377-3da5-9c34-5b916a2513ca', '1993-02-12', '1979-07-12', '415');
INSERT INTO `datphong` (`maks`, `makhach`, `ngaynhan`, `ngaytra`, `sop`) VALUES ('892ea353-25f4-3227-83de-75157bb08bf9', '710cca5c-6377-3da5-9c34-5b916a2513ca', '1994-04-17', '2020-06-08', '342');
INSERT INTO `datphong` (`maks`, `makhach`, `ngaynhan`, `ngaytra`, `sop`) VALUES ('892ea353-25f4-3227-83de-75157bb08bf9', '710cca5c-6377-3da5-9c34-5b916a2513ca', '1996-09-07', '2004-02-16', '497');
INSERT INTO `datphong` (`maks`, `makhach`, `ngaynhan`, `ngaytra`, `sop`) VALUES ('892ea353-25f4-3227-83de-75157bb08bf9', '710cca5c-6377-3da5-9c34-5b916a2513ca', '2000-07-20', '1990-09-26', '476');
INSERT INTO `datphong` (`maks`, `makhach`, `ngaynhan`, `ngaytra`, `sop`) VALUES ('892ea353-25f4-3227-83de-75157bb08bf9', '710cca5c-6377-3da5-9c34-5b916a2513ca', '2005-06-18', '2015-02-14', '352');
INSERT INTO `datphong` (`maks`, `makhach`, `ngaynhan`, `ngaytra`, `sop`) VALUES ('892ea353-25f4-3227-83de-75157bb08bf9', '710cca5c-6377-3da5-9c34-5b916a2513ca', '2005-08-13', '2016-10-09', '454');
INSERT INTO `datphong` (`maks`, `makhach`, `ngaynhan`, `ngaytra`, `sop`) VALUES ('892ea353-25f4-3227-83de-75157bb08bf9', '710cca5c-6377-3da5-9c34-5b916a2513ca', '2006-10-07', '1985-07-21', '349');
INSERT INTO `datphong` (`maks`, `makhach`, `ngaynhan`, `ngaytra`, `sop`) VALUES ('892ea353-25f4-3227-83de-75157bb08bf9', '710cca5c-6377-3da5-9c34-5b916a2513ca', '2007-12-13', '1990-04-13', '423');
INSERT INTO `datphong` (`maks`, `makhach`, `ngaynhan`, `ngaytra`, `sop`) VALUES ('892ea353-25f4-3227-83de-75157bb08bf9', '710cca5c-6377-3da5-9c34-5b916a2513ca', '2012-03-07', '1991-04-10', '302');
INSERT INTO `datphong` (`maks`, `makhach`, `ngaynhan`, `ngaytra`, `sop`) VALUES ('8a308c69-0eed-3273-ac16-1b774b8c3e92', '7284a76f-c3ef-3e1c-b922-226de2aacc72', '1973-06-17', '2009-08-31', '429');
INSERT INTO `datphong` (`maks`, `makhach`, `ngaynhan`, `ngaytra`, `sop`) VALUES ('8a308c69-0eed-3273-ac16-1b774b8c3e92', '7284a76f-c3ef-3e1c-b922-226de2aacc72', '1973-07-22', '2004-06-30', '305');
INSERT INTO `datphong` (`maks`, `makhach`, `ngaynhan`, `ngaytra`, `sop`) VALUES ('8a308c69-0eed-3273-ac16-1b774b8c3e92', '7284a76f-c3ef-3e1c-b922-226de2aacc72', '1975-01-11', '2003-06-30', '470');
INSERT INTO `datphong` (`maks`, `makhach`, `ngaynhan`, `ngaytra`, `sop`) VALUES ('8a308c69-0eed-3273-ac16-1b774b8c3e92', '7284a76f-c3ef-3e1c-b922-226de2aacc72', '1980-04-04', '1980-05-27', '485');
INSERT INTO `datphong` (`maks`, `makhach`, `ngaynhan`, `ngaytra`, `sop`) VALUES ('8a308c69-0eed-3273-ac16-1b774b8c3e92', '7284a76f-c3ef-3e1c-b922-226de2aacc72', '1983-06-21', '1990-06-19', '394');
INSERT INTO `datphong` (`maks`, `makhach`, `ngaynhan`, `ngaytra`, `sop`) VALUES ('8a308c69-0eed-3273-ac16-1b774b8c3e92', '7284a76f-c3ef-3e1c-b922-226de2aacc72', '1986-12-29', '2017-04-22', '352');
INSERT INTO `datphong` (`maks`, `makhach`, `ngaynhan`, `ngaytra`, `sop`) VALUES ('8a308c69-0eed-3273-ac16-1b774b8c3e92', '7284a76f-c3ef-3e1c-b922-226de2aacc72', '1990-04-27', '1998-02-15', '499');
INSERT INTO `datphong` (`maks`, `makhach`, `ngaynhan`, `ngaytra`, `sop`) VALUES ('8a308c69-0eed-3273-ac16-1b774b8c3e92', '7284a76f-c3ef-3e1c-b922-226de2aacc72', '1992-06-05', '1995-05-13', '336');
INSERT INTO `datphong` (`maks`, `makhach`, `ngaynhan`, `ngaytra`, `sop`) VALUES ('8a308c69-0eed-3273-ac16-1b774b8c3e92', '7284a76f-c3ef-3e1c-b922-226de2aacc72', '1992-12-09', '1977-12-29', '316');
INSERT INTO `datphong` (`maks`, `makhach`, `ngaynhan`, `ngaytra`, `sop`) VALUES ('8a308c69-0eed-3273-ac16-1b774b8c3e92', '7284a76f-c3ef-3e1c-b922-226de2aacc72', '2015-02-08', '2005-05-13', '339');
INSERT INTO `datphong` (`maks`, `makhach`, `ngaynhan`, `ngaytra`, `sop`) VALUES ('8c61ff99-fc7b-37b0-9b41-51df1ea32771', '72b7e71a-5b72-321a-a377-5dcf24c0058f', '1975-05-03', '1989-12-12', '351');
INSERT INTO `datphong` (`maks`, `makhach`, `ngaynhan`, `ngaytra`, `sop`) VALUES ('8c61ff99-fc7b-37b0-9b41-51df1ea32771', '72b7e71a-5b72-321a-a377-5dcf24c0058f', '1976-02-22', '1976-04-08', '423');
INSERT INTO `datphong` (`maks`, `makhach`, `ngaynhan`, `ngaytra`, `sop`) VALUES ('8c61ff99-fc7b-37b0-9b41-51df1ea32771', '72b7e71a-5b72-321a-a377-5dcf24c0058f', '1976-12-31', '2002-10-13', '314');
INSERT INTO `datphong` (`maks`, `makhach`, `ngaynhan`, `ngaytra`, `sop`) VALUES ('8c61ff99-fc7b-37b0-9b41-51df1ea32771', '72b7e71a-5b72-321a-a377-5dcf24c0058f', '1980-03-24', '2007-02-04', '309');
INSERT INTO `datphong` (`maks`, `makhach`, `ngaynhan`, `ngaytra`, `sop`) VALUES ('8c61ff99-fc7b-37b0-9b41-51df1ea32771', '72b7e71a-5b72-321a-a377-5dcf24c0058f', '1996-06-25', '1980-07-08', '493');
INSERT INTO `datphong` (`maks`, `makhach`, `ngaynhan`, `ngaytra`, `sop`) VALUES ('8c61ff99-fc7b-37b0-9b41-51df1ea32771', '72b7e71a-5b72-321a-a377-5dcf24c0058f', '1999-12-07', '1999-09-05', '432');
INSERT INTO `datphong` (`maks`, `makhach`, `ngaynhan`, `ngaytra`, `sop`) VALUES ('8c61ff99-fc7b-37b0-9b41-51df1ea32771', '72b7e71a-5b72-321a-a377-5dcf24c0058f', '2000-05-19', '2000-06-23', '381');
INSERT INTO `datphong` (`maks`, `makhach`, `ngaynhan`, `ngaytra`, `sop`) VALUES ('8c61ff99-fc7b-37b0-9b41-51df1ea32771', '72b7e71a-5b72-321a-a377-5dcf24c0058f', '2013-11-06', '2016-03-24', '465');
INSERT INTO `datphong` (`maks`, `makhach`, `ngaynhan`, `ngaytra`, `sop`) VALUES ('8c61ff99-fc7b-37b0-9b41-51df1ea32771', '72b7e71a-5b72-321a-a377-5dcf24c0058f', '2019-03-08', '1979-04-18', '349');
INSERT INTO `datphong` (`maks`, `makhach`, `ngaynhan`, `ngaytra`, `sop`) VALUES ('8c61ff99-fc7b-37b0-9b41-51df1ea32771', '72b7e71a-5b72-321a-a377-5dcf24c0058f', '2019-10-15', '1985-04-07', '495');
INSERT INTO `datphong` (`maks`, `makhach`, `ngaynhan`, `ngaytra`, `sop`) VALUES ('8ec5219e-3bd0-3d56-bd0d-2694d12541bb', '7790ccbd-0c65-3cb2-b02a-fa342c947b78', '1973-05-01', '1982-10-31', '415');
INSERT INTO `datphong` (`maks`, `makhach`, `ngaynhan`, `ngaytra`, `sop`) VALUES ('8ec5219e-3bd0-3d56-bd0d-2694d12541bb', '7790ccbd-0c65-3cb2-b02a-fa342c947b78', '1975-02-22', '2019-04-16', '328');
INSERT INTO `datphong` (`maks`, `makhach`, `ngaynhan`, `ngaytra`, `sop`) VALUES ('8ec5219e-3bd0-3d56-bd0d-2694d12541bb', '7790ccbd-0c65-3cb2-b02a-fa342c947b78', '1982-07-06', '1986-05-06', '329');
INSERT INTO `datphong` (`maks`, `makhach`, `ngaynhan`, `ngaytra`, `sop`) VALUES ('8ec5219e-3bd0-3d56-bd0d-2694d12541bb', '7790ccbd-0c65-3cb2-b02a-fa342c947b78', '1998-05-01', '1999-03-17', '477');
INSERT INTO `datphong` (`maks`, `makhach`, `ngaynhan`, `ngaytra`, `sop`) VALUES ('8ec5219e-3bd0-3d56-bd0d-2694d12541bb', '7790ccbd-0c65-3cb2-b02a-fa342c947b78', '2000-05-16', '2007-08-20', '451');
INSERT INTO `datphong` (`maks`, `makhach`, `ngaynhan`, `ngaytra`, `sop`) VALUES ('8ec5219e-3bd0-3d56-bd0d-2694d12541bb', '7790ccbd-0c65-3cb2-b02a-fa342c947b78', '2008-09-22', '1993-11-29', '424');
INSERT INTO `datphong` (`maks`, `makhach`, `ngaynhan`, `ngaytra`, `sop`) VALUES ('8ec5219e-3bd0-3d56-bd0d-2694d12541bb', '7790ccbd-0c65-3cb2-b02a-fa342c947b78', '2015-06-12', '1980-03-23', '426');
INSERT INTO `datphong` (`maks`, `makhach`, `ngaynhan`, `ngaytra`, `sop`) VALUES ('8ec5219e-3bd0-3d56-bd0d-2694d12541bb', '7790ccbd-0c65-3cb2-b02a-fa342c947b78', '2016-12-28', '1996-10-30', '319');
INSERT INTO `datphong` (`maks`, `makhach`, `ngaynhan`, `ngaytra`, `sop`) VALUES ('8ec5219e-3bd0-3d56-bd0d-2694d12541bb', '7790ccbd-0c65-3cb2-b02a-fa342c947b78', '2019-02-03', '1970-08-09', '460');
INSERT INTO `datphong` (`maks`, `makhach`, `ngaynhan`, `ngaytra`, `sop`) VALUES ('8ec5219e-3bd0-3d56-bd0d-2694d12541bb', '7790ccbd-0c65-3cb2-b02a-fa342c947b78', '2019-03-07', '2009-01-05', '490');
INSERT INTO `datphong` (`maks`, `makhach`, `ngaynhan`, `ngaytra`, `sop`) VALUES ('9699a09f-449d-3b78-980f-00b7a300301e', '7bbcc466-e2f1-378f-a493-362d7851e72c', '1970-06-11', '2018-05-10', '412');
INSERT INTO `datphong` (`maks`, `makhach`, `ngaynhan`, `ngaytra`, `sop`) VALUES ('9699a09f-449d-3b78-980f-00b7a300301e', '7bbcc466-e2f1-378f-a493-362d7851e72c', '1980-09-19', '2014-12-19', '490');
INSERT INTO `datphong` (`maks`, `makhach`, `ngaynhan`, `ngaytra`, `sop`) VALUES ('9699a09f-449d-3b78-980f-00b7a300301e', '7bbcc466-e2f1-378f-a493-362d7851e72c', '1980-10-21', '1988-09-08', '406');
INSERT INTO `datphong` (`maks`, `makhach`, `ngaynhan`, `ngaytra`, `sop`) VALUES ('9699a09f-449d-3b78-980f-00b7a300301e', '7bbcc466-e2f1-378f-a493-362d7851e72c', '1983-11-13', '2005-09-10', '308');
INSERT INTO `datphong` (`maks`, `makhach`, `ngaynhan`, `ngaytra`, `sop`) VALUES ('9699a09f-449d-3b78-980f-00b7a300301e', '7bbcc466-e2f1-378f-a493-362d7851e72c', '1995-12-08', '1984-08-06', '443');
INSERT INTO `datphong` (`maks`, `makhach`, `ngaynhan`, `ngaytra`, `sop`) VALUES ('9699a09f-449d-3b78-980f-00b7a300301e', '7bbcc466-e2f1-378f-a493-362d7851e72c', '1998-05-30', '1999-07-13', '306');
INSERT INTO `datphong` (`maks`, `makhach`, `ngaynhan`, `ngaytra`, `sop`) VALUES ('9699a09f-449d-3b78-980f-00b7a300301e', '7bbcc466-e2f1-378f-a493-362d7851e72c', '2001-08-20', '2019-04-06', '356');
INSERT INTO `datphong` (`maks`, `makhach`, `ngaynhan`, `ngaytra`, `sop`) VALUES ('9699a09f-449d-3b78-980f-00b7a300301e', '7bbcc466-e2f1-378f-a493-362d7851e72c', '2003-08-21', '2009-08-08', '465');
INSERT INTO `datphong` (`maks`, `makhach`, `ngaynhan`, `ngaytra`, `sop`) VALUES ('9699a09f-449d-3b78-980f-00b7a300301e', '7bbcc466-e2f1-378f-a493-362d7851e72c', '2007-12-09', '1976-06-30', '430');
INSERT INTO `datphong` (`maks`, `makhach`, `ngaynhan`, `ngaytra`, `sop`) VALUES ('9699a09f-449d-3b78-980f-00b7a300301e', '7bbcc466-e2f1-378f-a493-362d7851e72c', '2020-06-07', '1984-03-01', '311');
INSERT INTO `datphong` (`maks`, `makhach`, `ngaynhan`, `ngaytra`, `sop`) VALUES ('a608a76e-7417-3ddd-a547-377abdef8ab0', '7e399e90-3fbb-3b08-85dd-a1eda6337a9a', '1970-06-21', '1987-06-07', '392');
INSERT INTO `datphong` (`maks`, `makhach`, `ngaynhan`, `ngaytra`, `sop`) VALUES ('a608a76e-7417-3ddd-a547-377abdef8ab0', '7e399e90-3fbb-3b08-85dd-a1eda6337a9a', '1975-09-04', '2010-08-05', '382');
INSERT INTO `datphong` (`maks`, `makhach`, `ngaynhan`, `ngaytra`, `sop`) VALUES ('a608a76e-7417-3ddd-a547-377abdef8ab0', '7e399e90-3fbb-3b08-85dd-a1eda6337a9a', '1979-09-28', '1985-04-02', '313');
INSERT INTO `datphong` (`maks`, `makhach`, `ngaynhan`, `ngaytra`, `sop`) VALUES ('a608a76e-7417-3ddd-a547-377abdef8ab0', '7e399e90-3fbb-3b08-85dd-a1eda6337a9a', '1980-08-12', '1976-08-14', '305');
INSERT INTO `datphong` (`maks`, `makhach`, `ngaynhan`, `ngaytra`, `sop`) VALUES ('a608a76e-7417-3ddd-a547-377abdef8ab0', '7e399e90-3fbb-3b08-85dd-a1eda6337a9a', '1989-06-25', '2013-05-29', '349');
INSERT INTO `datphong` (`maks`, `makhach`, `ngaynhan`, `ngaytra`, `sop`) VALUES ('a608a76e-7417-3ddd-a547-377abdef8ab0', '7e399e90-3fbb-3b08-85dd-a1eda6337a9a', '1997-04-11', '2004-02-04', '442');
INSERT INTO `datphong` (`maks`, `makhach`, `ngaynhan`, `ngaytra`, `sop`) VALUES ('a608a76e-7417-3ddd-a547-377abdef8ab0', '7e399e90-3fbb-3b08-85dd-a1eda6337a9a', '1999-03-19', '1982-08-13', '370');
INSERT INTO `datphong` (`maks`, `makhach`, `ngaynhan`, `ngaytra`, `sop`) VALUES ('a608a76e-7417-3ddd-a547-377abdef8ab0', '7e399e90-3fbb-3b08-85dd-a1eda6337a9a', '2002-08-29', '2003-04-03', '366');
INSERT INTO `datphong` (`maks`, `makhach`, `ngaynhan`, `ngaytra`, `sop`) VALUES ('a608a76e-7417-3ddd-a547-377abdef8ab0', '7e399e90-3fbb-3b08-85dd-a1eda6337a9a', '2004-02-29', '2002-07-01', '343');
INSERT INTO `datphong` (`maks`, `makhach`, `ngaynhan`, `ngaytra`, `sop`) VALUES ('a608a76e-7417-3ddd-a547-377abdef8ab0', '7e399e90-3fbb-3b08-85dd-a1eda6337a9a', '2009-01-06', '1998-12-23', '426');
INSERT INTO `datphong` (`maks`, `makhach`, `ngaynhan`, `ngaytra`, `sop`) VALUES ('a944fbee-88f7-3c01-9e6f-f93241cc371e', '7ed02d0d-38ca-37b4-a667-085070526dbe', '1973-06-06', '1988-06-21', '381');
INSERT INTO `datphong` (`maks`, `makhach`, `ngaynhan`, `ngaytra`, `sop`) VALUES ('a944fbee-88f7-3c01-9e6f-f93241cc371e', '7ed02d0d-38ca-37b4-a667-085070526dbe', '1974-01-06', '1972-09-27', '433');
INSERT INTO `datphong` (`maks`, `makhach`, `ngaynhan`, `ngaytra`, `sop`) VALUES ('a944fbee-88f7-3c01-9e6f-f93241cc371e', '7ed02d0d-38ca-37b4-a667-085070526dbe', '1984-06-24', '1993-09-03', '396');
INSERT INTO `datphong` (`maks`, `makhach`, `ngaynhan`, `ngaytra`, `sop`) VALUES ('a944fbee-88f7-3c01-9e6f-f93241cc371e', '7ed02d0d-38ca-37b4-a667-085070526dbe', '1988-10-20', '1976-07-05', '500');
INSERT INTO `datphong` (`maks`, `makhach`, `ngaynhan`, `ngaytra`, `sop`) VALUES ('a944fbee-88f7-3c01-9e6f-f93241cc371e', '7ed02d0d-38ca-37b4-a667-085070526dbe', '1990-09-26', '1993-10-21', '368');
INSERT INTO `datphong` (`maks`, `makhach`, `ngaynhan`, `ngaytra`, `sop`) VALUES ('a944fbee-88f7-3c01-9e6f-f93241cc371e', '7ed02d0d-38ca-37b4-a667-085070526dbe', '1991-12-20', '1977-03-01', '409');
INSERT INTO `datphong` (`maks`, `makhach`, `ngaynhan`, `ngaytra`, `sop`) VALUES ('a944fbee-88f7-3c01-9e6f-f93241cc371e', '7ed02d0d-38ca-37b4-a667-085070526dbe', '1992-06-01', '2008-09-06', '355');
INSERT INTO `datphong` (`maks`, `makhach`, `ngaynhan`, `ngaytra`, `sop`) VALUES ('a944fbee-88f7-3c01-9e6f-f93241cc371e', '7ed02d0d-38ca-37b4-a667-085070526dbe', '1996-10-09', '1994-04-29', '453');
INSERT INTO `datphong` (`maks`, `makhach`, `ngaynhan`, `ngaytra`, `sop`) VALUES ('a944fbee-88f7-3c01-9e6f-f93241cc371e', '7ed02d0d-38ca-37b4-a667-085070526dbe', '1998-06-11', '1982-09-09', '434');
INSERT INTO `datphong` (`maks`, `makhach`, `ngaynhan`, `ngaytra`, `sop`) VALUES ('a944fbee-88f7-3c01-9e6f-f93241cc371e', '7ed02d0d-38ca-37b4-a667-085070526dbe', '2003-01-11', '2011-12-05', '450');
INSERT INTO `datphong` (`maks`, `makhach`, `ngaynhan`, `ngaytra`, `sop`) VALUES ('aa202a6a-5e76-328b-bf50-5e41ee238d49', '8137f954-1841-393d-b708-4ecfe9799d89', '1973-11-28', '2018-06-26', '499');
INSERT INTO `datphong` (`maks`, `makhach`, `ngaynhan`, `ngaytra`, `sop`) VALUES ('aa202a6a-5e76-328b-bf50-5e41ee238d49', '8137f954-1841-393d-b708-4ecfe9799d89', '1974-07-02', '2006-08-12', '364');
INSERT INTO `datphong` (`maks`, `makhach`, `ngaynhan`, `ngaytra`, `sop`) VALUES ('aa202a6a-5e76-328b-bf50-5e41ee238d49', '8137f954-1841-393d-b708-4ecfe9799d89', '1976-01-14', '2016-08-07', '462');
INSERT INTO `datphong` (`maks`, `makhach`, `ngaynhan`, `ngaytra`, `sop`) VALUES ('aa202a6a-5e76-328b-bf50-5e41ee238d49', '8137f954-1841-393d-b708-4ecfe9799d89', '1982-08-31', '2003-04-02', '455');
INSERT INTO `datphong` (`maks`, `makhach`, `ngaynhan`, `ngaytra`, `sop`) VALUES ('aa202a6a-5e76-328b-bf50-5e41ee238d49', '8137f954-1841-393d-b708-4ecfe9799d89', '1990-06-21', '2012-03-11', '354');
INSERT INTO `datphong` (`maks`, `makhach`, `ngaynhan`, `ngaytra`, `sop`) VALUES ('aa202a6a-5e76-328b-bf50-5e41ee238d49', '8137f954-1841-393d-b708-4ecfe9799d89', '1992-10-04', '2019-04-09', '483');
INSERT INTO `datphong` (`maks`, `makhach`, `ngaynhan`, `ngaytra`, `sop`) VALUES ('aa202a6a-5e76-328b-bf50-5e41ee238d49', '8137f954-1841-393d-b708-4ecfe9799d89', '1992-11-18', '2007-04-20', '304');
INSERT INTO `datphong` (`maks`, `makhach`, `ngaynhan`, `ngaytra`, `sop`) VALUES ('aa202a6a-5e76-328b-bf50-5e41ee238d49', '8137f954-1841-393d-b708-4ecfe9799d89', '2001-02-01', '2012-12-26', '497');
INSERT INTO `datphong` (`maks`, `makhach`, `ngaynhan`, `ngaytra`, `sop`) VALUES ('aa202a6a-5e76-328b-bf50-5e41ee238d49', '8137f954-1841-393d-b708-4ecfe9799d89', '2004-06-26', '1995-07-30', '433');
INSERT INTO `datphong` (`maks`, `makhach`, `ngaynhan`, `ngaytra`, `sop`) VALUES ('aa202a6a-5e76-328b-bf50-5e41ee238d49', '8137f954-1841-393d-b708-4ecfe9799d89', '2014-09-25', '1987-01-27', '303');
INSERT INTO `datphong` (`maks`, `makhach`, `ngaynhan`, `ngaytra`, `sop`) VALUES ('ab8d2d84-c631-3a5d-bc89-3a4c4a66f622', '8151c228-cb86-3c39-adba-94b60dce4244', '1979-09-05', '1975-06-14', '309');
INSERT INTO `datphong` (`maks`, `makhach`, `ngaynhan`, `ngaytra`, `sop`) VALUES ('ab8d2d84-c631-3a5d-bc89-3a4c4a66f622', '8151c228-cb86-3c39-adba-94b60dce4244', '1992-05-27', '1980-09-20', '468');
INSERT INTO `datphong` (`maks`, `makhach`, `ngaynhan`, `ngaytra`, `sop`) VALUES ('ab8d2d84-c631-3a5d-bc89-3a4c4a66f622', '8151c228-cb86-3c39-adba-94b60dce4244', '1994-01-11', '1990-02-26', '344');
INSERT INTO `datphong` (`maks`, `makhach`, `ngaynhan`, `ngaytra`, `sop`) VALUES ('ab8d2d84-c631-3a5d-bc89-3a4c4a66f622', '8151c228-cb86-3c39-adba-94b60dce4244', '1997-04-23', '1991-08-26', '311');
INSERT INTO `datphong` (`maks`, `makhach`, `ngaynhan`, `ngaytra`, `sop`) VALUES ('ab8d2d84-c631-3a5d-bc89-3a4c4a66f622', '8151c228-cb86-3c39-adba-94b60dce4244', '2002-01-22', '2009-11-11', '473');
INSERT INTO `datphong` (`maks`, `makhach`, `ngaynhan`, `ngaytra`, `sop`) VALUES ('ab8d2d84-c631-3a5d-bc89-3a4c4a66f622', '8151c228-cb86-3c39-adba-94b60dce4244', '2003-09-12', '2001-12-25', '451');
INSERT INTO `datphong` (`maks`, `makhach`, `ngaynhan`, `ngaytra`, `sop`) VALUES ('ab8d2d84-c631-3a5d-bc89-3a4c4a66f622', '8151c228-cb86-3c39-adba-94b60dce4244', '2003-09-24', '2018-12-25', '500');
INSERT INTO `datphong` (`maks`, `makhach`, `ngaynhan`, `ngaytra`, `sop`) VALUES ('ab8d2d84-c631-3a5d-bc89-3a4c4a66f622', '8151c228-cb86-3c39-adba-94b60dce4244', '2007-08-18', '1992-03-08', '342');
INSERT INTO `datphong` (`maks`, `makhach`, `ngaynhan`, `ngaytra`, `sop`) VALUES ('ab8d2d84-c631-3a5d-bc89-3a4c4a66f622', '8151c228-cb86-3c39-adba-94b60dce4244', '2008-01-18', '1991-08-05', '378');
INSERT INTO `datphong` (`maks`, `makhach`, `ngaynhan`, `ngaytra`, `sop`) VALUES ('ab8d2d84-c631-3a5d-bc89-3a4c4a66f622', '8151c228-cb86-3c39-adba-94b60dce4244', '2009-11-22', '2017-08-25', '365');
INSERT INTO `datphong` (`maks`, `makhach`, `ngaynhan`, `ngaytra`, `sop`) VALUES ('ae517696-f4be-3741-ab91-bbbf02262c34', '874cb6a7-09e0-3a38-a0d3-73690db5bb78', '1974-02-24', '1997-06-16', '431');
INSERT INTO `datphong` (`maks`, `makhach`, `ngaynhan`, `ngaytra`, `sop`) VALUES ('ae517696-f4be-3741-ab91-bbbf02262c34', '874cb6a7-09e0-3a38-a0d3-73690db5bb78', '1983-07-19', '1996-07-25', '398');
INSERT INTO `datphong` (`maks`, `makhach`, `ngaynhan`, `ngaytra`, `sop`) VALUES ('ae517696-f4be-3741-ab91-bbbf02262c34', '874cb6a7-09e0-3a38-a0d3-73690db5bb78', '1986-03-05', '1976-04-16', '482');
INSERT INTO `datphong` (`maks`, `makhach`, `ngaynhan`, `ngaytra`, `sop`) VALUES ('ae517696-f4be-3741-ab91-bbbf02262c34', '874cb6a7-09e0-3a38-a0d3-73690db5bb78', '1986-07-08', '1999-02-20', '395');
INSERT INTO `datphong` (`maks`, `makhach`, `ngaynhan`, `ngaytra`, `sop`) VALUES ('ae517696-f4be-3741-ab91-bbbf02262c34', '874cb6a7-09e0-3a38-a0d3-73690db5bb78', '1989-12-18', '2008-11-26', '310');
INSERT INTO `datphong` (`maks`, `makhach`, `ngaynhan`, `ngaytra`, `sop`) VALUES ('ae517696-f4be-3741-ab91-bbbf02262c34', '874cb6a7-09e0-3a38-a0d3-73690db5bb78', '1990-06-16', '2018-01-31', '480');
INSERT INTO `datphong` (`maks`, `makhach`, `ngaynhan`, `ngaytra`, `sop`) VALUES ('ae517696-f4be-3741-ab91-bbbf02262c34', '874cb6a7-09e0-3a38-a0d3-73690db5bb78', '1994-06-09', '2008-11-26', '312');
INSERT INTO `datphong` (`maks`, `makhach`, `ngaynhan`, `ngaytra`, `sop`) VALUES ('ae517696-f4be-3741-ab91-bbbf02262c34', '874cb6a7-09e0-3a38-a0d3-73690db5bb78', '2002-09-26', '1990-11-22', '331');
INSERT INTO `datphong` (`maks`, `makhach`, `ngaynhan`, `ngaytra`, `sop`) VALUES ('ae517696-f4be-3741-ab91-bbbf02262c34', '874cb6a7-09e0-3a38-a0d3-73690db5bb78', '2009-09-08', '1992-01-16', '337');
INSERT INTO `datphong` (`maks`, `makhach`, `ngaynhan`, `ngaytra`, `sop`) VALUES ('ae517696-f4be-3741-ab91-bbbf02262c34', '874cb6a7-09e0-3a38-a0d3-73690db5bb78', '2009-09-17', '2000-02-23', '382');
INSERT INTO `datphong` (`maks`, `makhach`, `ngaynhan`, `ngaytra`, `sop`) VALUES ('aece30ee-9f6a-3aee-bda2-9c8eb55bb659', '87ba022a-8b9d-3cd9-87d2-4dcda4c66d00', '1975-09-26', '1972-11-28', '489');
INSERT INTO `datphong` (`maks`, `makhach`, `ngaynhan`, `ngaytra`, `sop`) VALUES ('aece30ee-9f6a-3aee-bda2-9c8eb55bb659', '87ba022a-8b9d-3cd9-87d2-4dcda4c66d00', '1993-12-16', '2004-11-10', '374');
INSERT INTO `datphong` (`maks`, `makhach`, `ngaynhan`, `ngaytra`, `sop`) VALUES ('aece30ee-9f6a-3aee-bda2-9c8eb55bb659', '87ba022a-8b9d-3cd9-87d2-4dcda4c66d00', '1994-04-26', '1976-10-29', '367');
INSERT INTO `datphong` (`maks`, `makhach`, `ngaynhan`, `ngaytra`, `sop`) VALUES ('aece30ee-9f6a-3aee-bda2-9c8eb55bb659', '87ba022a-8b9d-3cd9-87d2-4dcda4c66d00', '1995-03-15', '1995-11-03', '373');
INSERT INTO `datphong` (`maks`, `makhach`, `ngaynhan`, `ngaytra`, `sop`) VALUES ('aece30ee-9f6a-3aee-bda2-9c8eb55bb659', '87ba022a-8b9d-3cd9-87d2-4dcda4c66d00', '1997-01-05', '2019-06-23', '426');
INSERT INTO `datphong` (`maks`, `makhach`, `ngaynhan`, `ngaytra`, `sop`) VALUES ('aece30ee-9f6a-3aee-bda2-9c8eb55bb659', '87ba022a-8b9d-3cd9-87d2-4dcda4c66d00', '1999-09-24', '1995-01-21', '320');
INSERT INTO `datphong` (`maks`, `makhach`, `ngaynhan`, `ngaytra`, `sop`) VALUES ('aece30ee-9f6a-3aee-bda2-9c8eb55bb659', '87ba022a-8b9d-3cd9-87d2-4dcda4c66d00', '2003-09-06', '2002-11-09', '459');
INSERT INTO `datphong` (`maks`, `makhach`, `ngaynhan`, `ngaytra`, `sop`) VALUES ('aece30ee-9f6a-3aee-bda2-9c8eb55bb659', '87ba022a-8b9d-3cd9-87d2-4dcda4c66d00', '2006-12-18', '1994-05-17', '457');
INSERT INTO `datphong` (`maks`, `makhach`, `ngaynhan`, `ngaytra`, `sop`) VALUES ('aece30ee-9f6a-3aee-bda2-9c8eb55bb659', '87ba022a-8b9d-3cd9-87d2-4dcda4c66d00', '2009-12-22', '1989-09-16', '497');
INSERT INTO `datphong` (`maks`, `makhach`, `ngaynhan`, `ngaytra`, `sop`) VALUES ('aece30ee-9f6a-3aee-bda2-9c8eb55bb659', '87ba022a-8b9d-3cd9-87d2-4dcda4c66d00', '2017-01-30', '2009-10-30', '461');
INSERT INTO `datphong` (`maks`, `makhach`, `ngaynhan`, `ngaytra`, `sop`) VALUES ('b0992f69-3bd3-3fb4-afc5-eb84a51578ae', '8da021a3-0d00-31de-8059-c580e76c8b21', '1981-04-06', '2018-08-16', '457');
INSERT INTO `datphong` (`maks`, `makhach`, `ngaynhan`, `ngaytra`, `sop`) VALUES ('b0992f69-3bd3-3fb4-afc5-eb84a51578ae', '8da021a3-0d00-31de-8059-c580e76c8b21', '1982-08-18', '1999-03-18', '382');
INSERT INTO `datphong` (`maks`, `makhach`, `ngaynhan`, `ngaytra`, `sop`) VALUES ('b0992f69-3bd3-3fb4-afc5-eb84a51578ae', '8da021a3-0d00-31de-8059-c580e76c8b21', '1992-01-25', '1979-01-13', '312');
INSERT INTO `datphong` (`maks`, `makhach`, `ngaynhan`, `ngaytra`, `sop`) VALUES ('b0992f69-3bd3-3fb4-afc5-eb84a51578ae', '8da021a3-0d00-31de-8059-c580e76c8b21', '1995-05-18', '2004-01-16', '441');
INSERT INTO `datphong` (`maks`, `makhach`, `ngaynhan`, `ngaytra`, `sop`) VALUES ('b0992f69-3bd3-3fb4-afc5-eb84a51578ae', '8da021a3-0d00-31de-8059-c580e76c8b21', '1995-12-23', '2011-01-29', '372');
INSERT INTO `datphong` (`maks`, `makhach`, `ngaynhan`, `ngaytra`, `sop`) VALUES ('b0992f69-3bd3-3fb4-afc5-eb84a51578ae', '8da021a3-0d00-31de-8059-c580e76c8b21', '1997-05-15', '1982-07-16', '484');
INSERT INTO `datphong` (`maks`, `makhach`, `ngaynhan`, `ngaytra`, `sop`) VALUES ('b0992f69-3bd3-3fb4-afc5-eb84a51578ae', '8da021a3-0d00-31de-8059-c580e76c8b21', '1998-03-28', '1985-06-26', '476');
INSERT INTO `datphong` (`maks`, `makhach`, `ngaynhan`, `ngaytra`, `sop`) VALUES ('b0992f69-3bd3-3fb4-afc5-eb84a51578ae', '8da021a3-0d00-31de-8059-c580e76c8b21', '1999-06-08', '2016-12-03', '356');
INSERT INTO `datphong` (`maks`, `makhach`, `ngaynhan`, `ngaytra`, `sop`) VALUES ('b0992f69-3bd3-3fb4-afc5-eb84a51578ae', '8da021a3-0d00-31de-8059-c580e76c8b21', '2003-09-13', '2014-12-04', '408');
INSERT INTO `datphong` (`maks`, `makhach`, `ngaynhan`, `ngaytra`, `sop`) VALUES ('b0992f69-3bd3-3fb4-afc5-eb84a51578ae', '8da021a3-0d00-31de-8059-c580e76c8b21', '2011-10-21', '1972-10-16', '400');
INSERT INTO `datphong` (`maks`, `makhach`, `ngaynhan`, `ngaytra`, `sop`) VALUES ('b18fba78-8bf7-32be-874f-c5b835d3c7b9', '9279fecf-84d2-3f36-ae8b-62c9b12b3c69', '1975-11-17', '1975-12-06', '302');
INSERT INTO `datphong` (`maks`, `makhach`, `ngaynhan`, `ngaytra`, `sop`) VALUES ('b18fba78-8bf7-32be-874f-c5b835d3c7b9', '9279fecf-84d2-3f36-ae8b-62c9b12b3c69', '1988-01-26', '1996-10-06', '331');
INSERT INTO `datphong` (`maks`, `makhach`, `ngaynhan`, `ngaytra`, `sop`) VALUES ('b18fba78-8bf7-32be-874f-c5b835d3c7b9', '9279fecf-84d2-3f36-ae8b-62c9b12b3c69', '1989-10-19', '2010-07-23', '410');
INSERT INTO `datphong` (`maks`, `makhach`, `ngaynhan`, `ngaytra`, `sop`) VALUES ('b18fba78-8bf7-32be-874f-c5b835d3c7b9', '9279fecf-84d2-3f36-ae8b-62c9b12b3c69', '1991-01-26', '1972-12-20', '416');
INSERT INTO `datphong` (`maks`, `makhach`, `ngaynhan`, `ngaytra`, `sop`) VALUES ('b18fba78-8bf7-32be-874f-c5b835d3c7b9', '9279fecf-84d2-3f36-ae8b-62c9b12b3c69', '2005-05-29', '2016-10-05', '329');
INSERT INTO `datphong` (`maks`, `makhach`, `ngaynhan`, `ngaytra`, `sop`) VALUES ('b18fba78-8bf7-32be-874f-c5b835d3c7b9', '9279fecf-84d2-3f36-ae8b-62c9b12b3c69', '2008-07-26', '2008-12-07', '474');
INSERT INTO `datphong` (`maks`, `makhach`, `ngaynhan`, `ngaytra`, `sop`) VALUES ('b18fba78-8bf7-32be-874f-c5b835d3c7b9', '9279fecf-84d2-3f36-ae8b-62c9b12b3c69', '2009-01-14', '1983-01-08', '337');
INSERT INTO `datphong` (`maks`, `makhach`, `ngaynhan`, `ngaytra`, `sop`) VALUES ('b18fba78-8bf7-32be-874f-c5b835d3c7b9', '9279fecf-84d2-3f36-ae8b-62c9b12b3c69', '2014-09-28', '2000-04-21', '415');
INSERT INTO `datphong` (`maks`, `makhach`, `ngaynhan`, `ngaytra`, `sop`) VALUES ('b18fba78-8bf7-32be-874f-c5b835d3c7b9', '9279fecf-84d2-3f36-ae8b-62c9b12b3c69', '2018-04-15', '1981-12-21', '377');
INSERT INTO `datphong` (`maks`, `makhach`, `ngaynhan`, `ngaytra`, `sop`) VALUES ('b18fba78-8bf7-32be-874f-c5b835d3c7b9', '9279fecf-84d2-3f36-ae8b-62c9b12b3c69', '2019-10-18', '2008-09-03', '309');
INSERT INTO `datphong` (`maks`, `makhach`, `ngaynhan`, `ngaytra`, `sop`) VALUES ('b27127d0-a955-3a6e-8db6-930f31810a6a', '93592b95-1732-353a-ad2b-001ff3318bee', '1975-01-07', '1975-08-06', '412');
INSERT INTO `datphong` (`maks`, `makhach`, `ngaynhan`, `ngaytra`, `sop`) VALUES ('b27127d0-a955-3a6e-8db6-930f31810a6a', '93592b95-1732-353a-ad2b-001ff3318bee', '1978-02-02', '1985-06-22', '465');
INSERT INTO `datphong` (`maks`, `makhach`, `ngaynhan`, `ngaytra`, `sop`) VALUES ('b27127d0-a955-3a6e-8db6-930f31810a6a', '93592b95-1732-353a-ad2b-001ff3318bee', '1980-01-24', '1982-08-25', '453');
INSERT INTO `datphong` (`maks`, `makhach`, `ngaynhan`, `ngaytra`, `sop`) VALUES ('b27127d0-a955-3a6e-8db6-930f31810a6a', '93592b95-1732-353a-ad2b-001ff3318bee', '1982-03-17', '1976-07-14', '396');
INSERT INTO `datphong` (`maks`, `makhach`, `ngaynhan`, `ngaytra`, `sop`) VALUES ('b27127d0-a955-3a6e-8db6-930f31810a6a', '93592b95-1732-353a-ad2b-001ff3318bee', '1983-10-03', '1977-10-06', '460');
INSERT INTO `datphong` (`maks`, `makhach`, `ngaynhan`, `ngaytra`, `sop`) VALUES ('b27127d0-a955-3a6e-8db6-930f31810a6a', '93592b95-1732-353a-ad2b-001ff3318bee', '1992-12-10', '1975-08-31', '303');
INSERT INTO `datphong` (`maks`, `makhach`, `ngaynhan`, `ngaytra`, `sop`) VALUES ('b27127d0-a955-3a6e-8db6-930f31810a6a', '93592b95-1732-353a-ad2b-001ff3318bee', '2001-05-12', '2004-11-10', '304');
INSERT INTO `datphong` (`maks`, `makhach`, `ngaynhan`, `ngaytra`, `sop`) VALUES ('b27127d0-a955-3a6e-8db6-930f31810a6a', '93592b95-1732-353a-ad2b-001ff3318bee', '2009-04-21', '1971-05-03', '345');
INSERT INTO `datphong` (`maks`, `makhach`, `ngaynhan`, `ngaytra`, `sop`) VALUES ('b27127d0-a955-3a6e-8db6-930f31810a6a', '93592b95-1732-353a-ad2b-001ff3318bee', '2011-07-10', '2019-04-06', '436');
INSERT INTO `datphong` (`maks`, `makhach`, `ngaynhan`, `ngaytra`, `sop`) VALUES ('b27127d0-a955-3a6e-8db6-930f31810a6a', '93592b95-1732-353a-ad2b-001ff3318bee', '2014-12-06', '2014-08-25', '463');
INSERT INTO `datphong` (`maks`, `makhach`, `ngaynhan`, `ngaytra`, `sop`) VALUES ('b29d985b-b248-30e3-9e6f-ba51eb4c63b3', '9488bc1d-7fe9-31e3-a7b6-e39d202dd059', '1983-07-03', '2008-08-04', '454');
INSERT INTO `datphong` (`maks`, `makhach`, `ngaynhan`, `ngaytra`, `sop`) VALUES ('b29d985b-b248-30e3-9e6f-ba51eb4c63b3', '9488bc1d-7fe9-31e3-a7b6-e39d202dd059', '1987-03-27', '2018-01-02', '475');
INSERT INTO `datphong` (`maks`, `makhach`, `ngaynhan`, `ngaytra`, `sop`) VALUES ('b29d985b-b248-30e3-9e6f-ba51eb4c63b3', '9488bc1d-7fe9-31e3-a7b6-e39d202dd059', '2003-09-08', '1973-01-26', '352');
INSERT INTO `datphong` (`maks`, `makhach`, `ngaynhan`, `ngaytra`, `sop`) VALUES ('b29d985b-b248-30e3-9e6f-ba51eb4c63b3', '9488bc1d-7fe9-31e3-a7b6-e39d202dd059', '2005-04-02', '1979-05-19', '373');
INSERT INTO `datphong` (`maks`, `makhach`, `ngaynhan`, `ngaytra`, `sop`) VALUES ('b29d985b-b248-30e3-9e6f-ba51eb4c63b3', '9488bc1d-7fe9-31e3-a7b6-e39d202dd059', '2007-11-23', '1997-07-21', '326');
INSERT INTO `datphong` (`maks`, `makhach`, `ngaynhan`, `ngaytra`, `sop`) VALUES ('b29d985b-b248-30e3-9e6f-ba51eb4c63b3', '9488bc1d-7fe9-31e3-a7b6-e39d202dd059', '2011-04-13', '1977-01-24', '311');
INSERT INTO `datphong` (`maks`, `makhach`, `ngaynhan`, `ngaytra`, `sop`) VALUES ('b29d985b-b248-30e3-9e6f-ba51eb4c63b3', '9488bc1d-7fe9-31e3-a7b6-e39d202dd059', '2011-12-14', '1985-02-14', '449');
INSERT INTO `datphong` (`maks`, `makhach`, `ngaynhan`, `ngaytra`, `sop`) VALUES ('b29d985b-b248-30e3-9e6f-ba51eb4c63b3', '9488bc1d-7fe9-31e3-a7b6-e39d202dd059', '2013-06-14', '1971-04-18', '375');
INSERT INTO `datphong` (`maks`, `makhach`, `ngaynhan`, `ngaytra`, `sop`) VALUES ('b29d985b-b248-30e3-9e6f-ba51eb4c63b3', '9488bc1d-7fe9-31e3-a7b6-e39d202dd059', '2016-10-14', '1979-09-01', '422');
INSERT INTO `datphong` (`maks`, `makhach`, `ngaynhan`, `ngaytra`, `sop`) VALUES ('b29d985b-b248-30e3-9e6f-ba51eb4c63b3', '9488bc1d-7fe9-31e3-a7b6-e39d202dd059', '2017-04-29', '1996-06-29', '485');
INSERT INTO `datphong` (`maks`, `makhach`, `ngaynhan`, `ngaytra`, `sop`) VALUES ('b79651dd-300d-3147-9467-2c29054c1bbd', '96a9958a-bccd-30a0-9335-ebe1affebb52', '1972-10-19', '1992-04-30', '471');
INSERT INTO `datphong` (`maks`, `makhach`, `ngaynhan`, `ngaytra`, `sop`) VALUES ('b79651dd-300d-3147-9467-2c29054c1bbd', '96a9958a-bccd-30a0-9335-ebe1affebb52', '1975-07-01', '1973-10-27', '453');
INSERT INTO `datphong` (`maks`, `makhach`, `ngaynhan`, `ngaytra`, `sop`) VALUES ('b79651dd-300d-3147-9467-2c29054c1bbd', '96a9958a-bccd-30a0-9335-ebe1affebb52', '1986-07-23', '1996-06-12', '498');
INSERT INTO `datphong` (`maks`, `makhach`, `ngaynhan`, `ngaytra`, `sop`) VALUES ('b79651dd-300d-3147-9467-2c29054c1bbd', '96a9958a-bccd-30a0-9335-ebe1affebb52', '1988-04-07', '1980-01-07', '329');
INSERT INTO `datphong` (`maks`, `makhach`, `ngaynhan`, `ngaytra`, `sop`) VALUES ('b79651dd-300d-3147-9467-2c29054c1bbd', '96a9958a-bccd-30a0-9335-ebe1affebb52', '1992-05-17', '1975-11-10', '397');
INSERT INTO `datphong` (`maks`, `makhach`, `ngaynhan`, `ngaytra`, `sop`) VALUES ('b79651dd-300d-3147-9467-2c29054c1bbd', '96a9958a-bccd-30a0-9335-ebe1affebb52', '1998-12-02', '2006-05-22', '379');
INSERT INTO `datphong` (`maks`, `makhach`, `ngaynhan`, `ngaytra`, `sop`) VALUES ('b79651dd-300d-3147-9467-2c29054c1bbd', '96a9958a-bccd-30a0-9335-ebe1affebb52', '2000-11-17', '1970-09-11', '375');
INSERT INTO `datphong` (`maks`, `makhach`, `ngaynhan`, `ngaytra`, `sop`) VALUES ('b79651dd-300d-3147-9467-2c29054c1bbd', '96a9958a-bccd-30a0-9335-ebe1affebb52', '2004-06-24', '2007-09-15', '442');
INSERT INTO `datphong` (`maks`, `makhach`, `ngaynhan`, `ngaytra`, `sop`) VALUES ('b79651dd-300d-3147-9467-2c29054c1bbd', '96a9958a-bccd-30a0-9335-ebe1affebb52', '2016-03-19', '1989-11-17', '363');
INSERT INTO `datphong` (`maks`, `makhach`, `ngaynhan`, `ngaytra`, `sop`) VALUES ('b79651dd-300d-3147-9467-2c29054c1bbd', '96a9958a-bccd-30a0-9335-ebe1affebb52', '2017-07-16', '2010-06-07', '409');
INSERT INTO `datphong` (`maks`, `makhach`, `ngaynhan`, `ngaytra`, `sop`) VALUES ('b8ef7bab-6b4b-34f0-bdef-d7820b976b82', '9f218695-afb4-3901-ad05-88d890c865bb', '1976-02-21', '1981-01-27', '378');
INSERT INTO `datphong` (`maks`, `makhach`, `ngaynhan`, `ngaytra`, `sop`) VALUES ('b8ef7bab-6b4b-34f0-bdef-d7820b976b82', '9f218695-afb4-3901-ad05-88d890c865bb', '1984-06-08', '1984-01-06', '376');
INSERT INTO `datphong` (`maks`, `makhach`, `ngaynhan`, `ngaytra`, `sop`) VALUES ('b8ef7bab-6b4b-34f0-bdef-d7820b976b82', '9f218695-afb4-3901-ad05-88d890c865bb', '2001-08-21', '2003-09-05', '481');
INSERT INTO `datphong` (`maks`, `makhach`, `ngaynhan`, `ngaytra`, `sop`) VALUES ('b8ef7bab-6b4b-34f0-bdef-d7820b976b82', '9f218695-afb4-3901-ad05-88d890c865bb', '2002-09-07', '1996-09-27', '303');
INSERT INTO `datphong` (`maks`, `makhach`, `ngaynhan`, `ngaytra`, `sop`) VALUES ('b8ef7bab-6b4b-34f0-bdef-d7820b976b82', '9f218695-afb4-3901-ad05-88d890c865bb', '2005-10-01', '2020-05-22', '333');
INSERT INTO `datphong` (`maks`, `makhach`, `ngaynhan`, `ngaytra`, `sop`) VALUES ('b8ef7bab-6b4b-34f0-bdef-d7820b976b82', '9f218695-afb4-3901-ad05-88d890c865bb', '2006-07-27', '1980-04-29', '382');
INSERT INTO `datphong` (`maks`, `makhach`, `ngaynhan`, `ngaytra`, `sop`) VALUES ('b8ef7bab-6b4b-34f0-bdef-d7820b976b82', '9f218695-afb4-3901-ad05-88d890c865bb', '2015-12-24', '1995-12-22', '441');
INSERT INTO `datphong` (`maks`, `makhach`, `ngaynhan`, `ngaytra`, `sop`) VALUES ('b8ef7bab-6b4b-34f0-bdef-d7820b976b82', '9f218695-afb4-3901-ad05-88d890c865bb', '2017-09-22', '1979-05-04', '363');
INSERT INTO `datphong` (`maks`, `makhach`, `ngaynhan`, `ngaytra`, `sop`) VALUES ('b8ef7bab-6b4b-34f0-bdef-d7820b976b82', '9f218695-afb4-3901-ad05-88d890c865bb', '2019-01-24', '1983-04-28', '426');
INSERT INTO `datphong` (`maks`, `makhach`, `ngaynhan`, `ngaytra`, `sop`) VALUES ('b8ef7bab-6b4b-34f0-bdef-d7820b976b82', '9f218695-afb4-3901-ad05-88d890c865bb', '2020-05-18', '1987-10-05', '415');
INSERT INTO `datphong` (`maks`, `makhach`, `ngaynhan`, `ngaytra`, `sop`) VALUES ('bc7916a3-ea4b-3b19-82f9-80895c4bf79b', 'a750e529-07e7-312a-b95a-45e91d51a274', '1971-10-14', '1990-12-02', '372');
INSERT INTO `datphong` (`maks`, `makhach`, `ngaynhan`, `ngaytra`, `sop`) VALUES ('bc7916a3-ea4b-3b19-82f9-80895c4bf79b', 'a750e529-07e7-312a-b95a-45e91d51a274', '1972-08-27', '1980-11-08', '417');
INSERT INTO `datphong` (`maks`, `makhach`, `ngaynhan`, `ngaytra`, `sop`) VALUES ('bc7916a3-ea4b-3b19-82f9-80895c4bf79b', 'a750e529-07e7-312a-b95a-45e91d51a274', '1978-12-22', '2004-05-15', '350');
INSERT INTO `datphong` (`maks`, `makhach`, `ngaynhan`, `ngaytra`, `sop`) VALUES ('bc7916a3-ea4b-3b19-82f9-80895c4bf79b', 'a750e529-07e7-312a-b95a-45e91d51a274', '1992-01-08', '1972-04-12', '351');
INSERT INTO `datphong` (`maks`, `makhach`, `ngaynhan`, `ngaytra`, `sop`) VALUES ('bc7916a3-ea4b-3b19-82f9-80895c4bf79b', 'a750e529-07e7-312a-b95a-45e91d51a274', '1999-02-22', '1988-03-21', '301');
INSERT INTO `datphong` (`maks`, `makhach`, `ngaynhan`, `ngaytra`, `sop`) VALUES ('bc7916a3-ea4b-3b19-82f9-80895c4bf79b', 'a750e529-07e7-312a-b95a-45e91d51a274', '2002-04-20', '1997-05-08', '320');
INSERT INTO `datphong` (`maks`, `makhach`, `ngaynhan`, `ngaytra`, `sop`) VALUES ('bc7916a3-ea4b-3b19-82f9-80895c4bf79b', 'a750e529-07e7-312a-b95a-45e91d51a274', '2004-05-07', '2005-09-22', '493');
INSERT INTO `datphong` (`maks`, `makhach`, `ngaynhan`, `ngaytra`, `sop`) VALUES ('bc7916a3-ea4b-3b19-82f9-80895c4bf79b', 'a750e529-07e7-312a-b95a-45e91d51a274', '2004-12-12', '2019-02-18', '386');
INSERT INTO `datphong` (`maks`, `makhach`, `ngaynhan`, `ngaytra`, `sop`) VALUES ('bc7916a3-ea4b-3b19-82f9-80895c4bf79b', 'a750e529-07e7-312a-b95a-45e91d51a274', '2011-02-05', '2011-04-08', '435');
INSERT INTO `datphong` (`maks`, `makhach`, `ngaynhan`, `ngaytra`, `sop`) VALUES ('bc7916a3-ea4b-3b19-82f9-80895c4bf79b', 'a750e529-07e7-312a-b95a-45e91d51a274', '2016-12-23', '1979-07-04', '369');
INSERT INTO `datphong` (`maks`, `makhach`, `ngaynhan`, `ngaytra`, `sop`) VALUES ('bcda0f0c-d63d-3221-93fc-4aaa84f9bef4', 'aaf2832e-be3e-3882-8a5d-b894e94faf80', '1972-01-22', '1979-10-02', '307');
INSERT INTO `datphong` (`maks`, `makhach`, `ngaynhan`, `ngaytra`, `sop`) VALUES ('bcda0f0c-d63d-3221-93fc-4aaa84f9bef4', 'aaf2832e-be3e-3882-8a5d-b894e94faf80', '1976-03-11', '2019-11-21', '427');
INSERT INTO `datphong` (`maks`, `makhach`, `ngaynhan`, `ngaytra`, `sop`) VALUES ('bcda0f0c-d63d-3221-93fc-4aaa84f9bef4', 'aaf2832e-be3e-3882-8a5d-b894e94faf80', '1976-09-03', '1975-02-24', '466');
INSERT INTO `datphong` (`maks`, `makhach`, `ngaynhan`, `ngaytra`, `sop`) VALUES ('bcda0f0c-d63d-3221-93fc-4aaa84f9bef4', 'aaf2832e-be3e-3882-8a5d-b894e94faf80', '1980-03-28', '2010-01-15', '432');
INSERT INTO `datphong` (`maks`, `makhach`, `ngaynhan`, `ngaytra`, `sop`) VALUES ('bcda0f0c-d63d-3221-93fc-4aaa84f9bef4', 'aaf2832e-be3e-3882-8a5d-b894e94faf80', '1981-06-02', '1989-12-13', '398');
INSERT INTO `datphong` (`maks`, `makhach`, `ngaynhan`, `ngaytra`, `sop`) VALUES ('bcda0f0c-d63d-3221-93fc-4aaa84f9bef4', 'aaf2832e-be3e-3882-8a5d-b894e94faf80', '1986-12-24', '1987-09-04', '386');
INSERT INTO `datphong` (`maks`, `makhach`, `ngaynhan`, `ngaytra`, `sop`) VALUES ('bcda0f0c-d63d-3221-93fc-4aaa84f9bef4', 'aaf2832e-be3e-3882-8a5d-b894e94faf80', '1989-03-26', '1991-09-20', '392');
INSERT INTO `datphong` (`maks`, `makhach`, `ngaynhan`, `ngaytra`, `sop`) VALUES ('bcda0f0c-d63d-3221-93fc-4aaa84f9bef4', 'aaf2832e-be3e-3882-8a5d-b894e94faf80', '1990-09-02', '2004-01-21', '470');
INSERT INTO `datphong` (`maks`, `makhach`, `ngaynhan`, `ngaytra`, `sop`) VALUES ('bcda0f0c-d63d-3221-93fc-4aaa84f9bef4', 'aaf2832e-be3e-3882-8a5d-b894e94faf80', '2011-11-18', '2015-09-15', '420');
INSERT INTO `datphong` (`maks`, `makhach`, `ngaynhan`, `ngaytra`, `sop`) VALUES ('bcda0f0c-d63d-3221-93fc-4aaa84f9bef4', 'aaf2832e-be3e-3882-8a5d-b894e94faf80', '2016-05-11', '1989-03-04', '303');
INSERT INTO `datphong` (`maks`, `makhach`, `ngaynhan`, `ngaytra`, `sop`) VALUES ('bdd6e7bb-d820-34ee-a3dd-23e3be0f5006', 'ac82d6c9-0367-39d5-aa76-0c6981feb49a', '1972-02-19', '1974-12-03', '455');
INSERT INTO `datphong` (`maks`, `makhach`, `ngaynhan`, `ngaytra`, `sop`) VALUES ('bdd6e7bb-d820-34ee-a3dd-23e3be0f5006', 'ac82d6c9-0367-39d5-aa76-0c6981feb49a', '1977-11-22', '2001-03-01', '436');
INSERT INTO `datphong` (`maks`, `makhach`, `ngaynhan`, `ngaytra`, `sop`) VALUES ('bdd6e7bb-d820-34ee-a3dd-23e3be0f5006', 'ac82d6c9-0367-39d5-aa76-0c6981feb49a', '1982-07-11', '2002-12-10', '371');
INSERT INTO `datphong` (`maks`, `makhach`, `ngaynhan`, `ngaytra`, `sop`) VALUES ('bdd6e7bb-d820-34ee-a3dd-23e3be0f5006', 'ac82d6c9-0367-39d5-aa76-0c6981feb49a', '1985-11-14', '2000-10-22', '339');
INSERT INTO `datphong` (`maks`, `makhach`, `ngaynhan`, `ngaytra`, `sop`) VALUES ('bdd6e7bb-d820-34ee-a3dd-23e3be0f5006', 'ac82d6c9-0367-39d5-aa76-0c6981feb49a', '1991-04-12', '2001-06-09', '492');
INSERT INTO `datphong` (`maks`, `makhach`, `ngaynhan`, `ngaytra`, `sop`) VALUES ('bdd6e7bb-d820-34ee-a3dd-23e3be0f5006', 'ac82d6c9-0367-39d5-aa76-0c6981feb49a', '1995-05-27', '2002-10-05', '434');
INSERT INTO `datphong` (`maks`, `makhach`, `ngaynhan`, `ngaytra`, `sop`) VALUES ('bdd6e7bb-d820-34ee-a3dd-23e3be0f5006', 'ac82d6c9-0367-39d5-aa76-0c6981feb49a', '1998-11-19', '2020-03-21', '362');
INSERT INTO `datphong` (`maks`, `makhach`, `ngaynhan`, `ngaytra`, `sop`) VALUES ('bdd6e7bb-d820-34ee-a3dd-23e3be0f5006', 'ac82d6c9-0367-39d5-aa76-0c6981feb49a', '2000-04-20', '2004-04-16', '319');
INSERT INTO `datphong` (`maks`, `makhach`, `ngaynhan`, `ngaytra`, `sop`) VALUES ('bdd6e7bb-d820-34ee-a3dd-23e3be0f5006', 'ac82d6c9-0367-39d5-aa76-0c6981feb49a', '2009-03-16', '1998-04-03', '401');
INSERT INTO `datphong` (`maks`, `makhach`, `ngaynhan`, `ngaytra`, `sop`) VALUES ('bdd6e7bb-d820-34ee-a3dd-23e3be0f5006', 'ac82d6c9-0367-39d5-aa76-0c6981feb49a', '2020-07-23', '2010-12-25', '433');
INSERT INTO `datphong` (`maks`, `makhach`, `ngaynhan`, `ngaytra`, `sop`) VALUES ('bddb8d9d-604e-3333-8885-d815d90ef0ed', 'ade844e7-f9f8-3877-a0c4-8190e6fddad3', '1974-12-12', '2020-04-24', '317');
INSERT INTO `datphong` (`maks`, `makhach`, `ngaynhan`, `ngaytra`, `sop`) VALUES ('bddb8d9d-604e-3333-8885-d815d90ef0ed', 'ade844e7-f9f8-3877-a0c4-8190e6fddad3', '1981-07-13', '2012-04-26', '318');
INSERT INTO `datphong` (`maks`, `makhach`, `ngaynhan`, `ngaytra`, `sop`) VALUES ('bddb8d9d-604e-3333-8885-d815d90ef0ed', 'ade844e7-f9f8-3877-a0c4-8190e6fddad3', '1983-11-08', '2001-09-02', '359');
INSERT INTO `datphong` (`maks`, `makhach`, `ngaynhan`, `ngaytra`, `sop`) VALUES ('bddb8d9d-604e-3333-8885-d815d90ef0ed', 'ade844e7-f9f8-3877-a0c4-8190e6fddad3', '1985-04-23', '2014-05-15', '389');
INSERT INTO `datphong` (`maks`, `makhach`, `ngaynhan`, `ngaytra`, `sop`) VALUES ('bddb8d9d-604e-3333-8885-d815d90ef0ed', 'ade844e7-f9f8-3877-a0c4-8190e6fddad3', '1985-09-20', '1981-07-03', '332');
INSERT INTO `datphong` (`maks`, `makhach`, `ngaynhan`, `ngaytra`, `sop`) VALUES ('bddb8d9d-604e-3333-8885-d815d90ef0ed', 'ade844e7-f9f8-3877-a0c4-8190e6fddad3', '1988-01-30', '1977-04-03', '407');
INSERT INTO `datphong` (`maks`, `makhach`, `ngaynhan`, `ngaytra`, `sop`) VALUES ('bddb8d9d-604e-3333-8885-d815d90ef0ed', 'ade844e7-f9f8-3877-a0c4-8190e6fddad3', '2004-08-25', '1993-05-18', '366');
INSERT INTO `datphong` (`maks`, `makhach`, `ngaynhan`, `ngaytra`, `sop`) VALUES ('bddb8d9d-604e-3333-8885-d815d90ef0ed', 'ade844e7-f9f8-3877-a0c4-8190e6fddad3', '2007-05-17', '1972-04-26', '487');
INSERT INTO `datphong` (`maks`, `makhach`, `ngaynhan`, `ngaytra`, `sop`) VALUES ('bddb8d9d-604e-3333-8885-d815d90ef0ed', 'ade844e7-f9f8-3877-a0c4-8190e6fddad3', '2012-06-07', '1985-10-30', '434');
INSERT INTO `datphong` (`maks`, `makhach`, `ngaynhan`, `ngaytra`, `sop`) VALUES ('bddb8d9d-604e-3333-8885-d815d90ef0ed', 'ade844e7-f9f8-3877-a0c4-8190e6fddad3', '2013-05-15', '1997-07-13', '301');
INSERT INTO `datphong` (`maks`, `makhach`, `ngaynhan`, `ngaytra`, `sop`) VALUES ('bed8270f-ca29-3a84-bcd6-b9c495d29117', 'afaaffbd-6965-3bb5-8a7d-0efa1696d7a7', '1972-12-05', '2008-02-10', '338');
INSERT INTO `datphong` (`maks`, `makhach`, `ngaynhan`, `ngaytra`, `sop`) VALUES ('bed8270f-ca29-3a84-bcd6-b9c495d29117', 'afaaffbd-6965-3bb5-8a7d-0efa1696d7a7', '1980-10-08', '1999-04-27', '378');
INSERT INTO `datphong` (`maks`, `makhach`, `ngaynhan`, `ngaytra`, `sop`) VALUES ('bed8270f-ca29-3a84-bcd6-b9c495d29117', 'afaaffbd-6965-3bb5-8a7d-0efa1696d7a7', '1982-09-01', '1976-01-16', '420');
INSERT INTO `datphong` (`maks`, `makhach`, `ngaynhan`, `ngaytra`, `sop`) VALUES ('bed8270f-ca29-3a84-bcd6-b9c495d29117', 'afaaffbd-6965-3bb5-8a7d-0efa1696d7a7', '1990-11-30', '1972-11-09', '478');
INSERT INTO `datphong` (`maks`, `makhach`, `ngaynhan`, `ngaytra`, `sop`) VALUES ('bed8270f-ca29-3a84-bcd6-b9c495d29117', 'afaaffbd-6965-3bb5-8a7d-0efa1696d7a7', '2001-01-29', '2016-02-25', '482');
INSERT INTO `datphong` (`maks`, `makhach`, `ngaynhan`, `ngaytra`, `sop`) VALUES ('bed8270f-ca29-3a84-bcd6-b9c495d29117', 'afaaffbd-6965-3bb5-8a7d-0efa1696d7a7', '2008-12-25', '2013-12-15', '476');
INSERT INTO `datphong` (`maks`, `makhach`, `ngaynhan`, `ngaytra`, `sop`) VALUES ('bed8270f-ca29-3a84-bcd6-b9c495d29117', 'afaaffbd-6965-3bb5-8a7d-0efa1696d7a7', '2013-01-10', '2019-08-31', '412');
INSERT INTO `datphong` (`maks`, `makhach`, `ngaynhan`, `ngaytra`, `sop`) VALUES ('bed8270f-ca29-3a84-bcd6-b9c495d29117', 'afaaffbd-6965-3bb5-8a7d-0efa1696d7a7', '2013-12-22', '2001-12-17', '485');
INSERT INTO `datphong` (`maks`, `makhach`, `ngaynhan`, `ngaytra`, `sop`) VALUES ('bed8270f-ca29-3a84-bcd6-b9c495d29117', 'afaaffbd-6965-3bb5-8a7d-0efa1696d7a7', '2017-11-15', '2011-09-30', '453');
INSERT INTO `datphong` (`maks`, `makhach`, `ngaynhan`, `ngaytra`, `sop`) VALUES ('bed8270f-ca29-3a84-bcd6-b9c495d29117', 'afaaffbd-6965-3bb5-8a7d-0efa1696d7a7', '2017-12-20', '2009-10-02', '328');
INSERT INTO `datphong` (`maks`, `makhach`, `ngaynhan`, `ngaytra`, `sop`) VALUES ('bf30eef4-68a2-3c5c-8a3e-561d2967b8ac', 'b0059a81-5eb5-32e0-a5bc-ca7be55b9de3', '1971-10-29', '1992-06-18', '429');
INSERT INTO `datphong` (`maks`, `makhach`, `ngaynhan`, `ngaytra`, `sop`) VALUES ('bf30eef4-68a2-3c5c-8a3e-561d2967b8ac', 'b0059a81-5eb5-32e0-a5bc-ca7be55b9de3', '1987-04-15', '2010-11-22', '408');
INSERT INTO `datphong` (`maks`, `makhach`, `ngaynhan`, `ngaytra`, `sop`) VALUES ('bf30eef4-68a2-3c5c-8a3e-561d2967b8ac', 'b0059a81-5eb5-32e0-a5bc-ca7be55b9de3', '1991-11-01', '1976-07-04', '398');
INSERT INTO `datphong` (`maks`, `makhach`, `ngaynhan`, `ngaytra`, `sop`) VALUES ('bf30eef4-68a2-3c5c-8a3e-561d2967b8ac', 'b0059a81-5eb5-32e0-a5bc-ca7be55b9de3', '1992-02-24', '2004-06-01', '433');
INSERT INTO `datphong` (`maks`, `makhach`, `ngaynhan`, `ngaytra`, `sop`) VALUES ('bf30eef4-68a2-3c5c-8a3e-561d2967b8ac', 'b0059a81-5eb5-32e0-a5bc-ca7be55b9de3', '2000-03-24', '1974-02-13', '428');
INSERT INTO `datphong` (`maks`, `makhach`, `ngaynhan`, `ngaytra`, `sop`) VALUES ('bf30eef4-68a2-3c5c-8a3e-561d2967b8ac', 'b0059a81-5eb5-32e0-a5bc-ca7be55b9de3', '2003-06-15', '1977-03-18', '426');
INSERT INTO `datphong` (`maks`, `makhach`, `ngaynhan`, `ngaytra`, `sop`) VALUES ('bf30eef4-68a2-3c5c-8a3e-561d2967b8ac', 'b0059a81-5eb5-32e0-a5bc-ca7be55b9de3', '2012-01-06', '1997-04-09', '306');
INSERT INTO `datphong` (`maks`, `makhach`, `ngaynhan`, `ngaytra`, `sop`) VALUES ('bf30eef4-68a2-3c5c-8a3e-561d2967b8ac', 'b0059a81-5eb5-32e0-a5bc-ca7be55b9de3', '2014-12-28', '1975-10-26', '332');
INSERT INTO `datphong` (`maks`, `makhach`, `ngaynhan`, `ngaytra`, `sop`) VALUES ('bf30eef4-68a2-3c5c-8a3e-561d2967b8ac', 'b0059a81-5eb5-32e0-a5bc-ca7be55b9de3', '2016-04-28', '1988-01-14', '423');
INSERT INTO `datphong` (`maks`, `makhach`, `ngaynhan`, `ngaytra`, `sop`) VALUES ('bf30eef4-68a2-3c5c-8a3e-561d2967b8ac', 'b0059a81-5eb5-32e0-a5bc-ca7be55b9de3', '2018-04-07', '1989-09-08', '316');
INSERT INTO `datphong` (`maks`, `makhach`, `ngaynhan`, `ngaytra`, `sop`) VALUES ('c0c056d3-e601-3cc7-adb0-721e0ec8c925', 'b40eeac7-8950-3678-ac96-0099cc072dfd', '1972-12-06', '1972-07-01', '322');
INSERT INTO `datphong` (`maks`, `makhach`, `ngaynhan`, `ngaytra`, `sop`) VALUES ('c0c056d3-e601-3cc7-adb0-721e0ec8c925', 'b40eeac7-8950-3678-ac96-0099cc072dfd', '1974-09-02', '2001-09-05', '463');
INSERT INTO `datphong` (`maks`, `makhach`, `ngaynhan`, `ngaytra`, `sop`) VALUES ('c0c056d3-e601-3cc7-adb0-721e0ec8c925', 'b40eeac7-8950-3678-ac96-0099cc072dfd', '1977-10-15', '1997-06-12', '469');
INSERT INTO `datphong` (`maks`, `makhach`, `ngaynhan`, `ngaytra`, `sop`) VALUES ('c0c056d3-e601-3cc7-adb0-721e0ec8c925', 'b40eeac7-8950-3678-ac96-0099cc072dfd', '1978-05-08', '2013-08-06', '488');
INSERT INTO `datphong` (`maks`, `makhach`, `ngaynhan`, `ngaytra`, `sop`) VALUES ('c0c056d3-e601-3cc7-adb0-721e0ec8c925', 'b40eeac7-8950-3678-ac96-0099cc072dfd', '1981-12-18', '2011-10-16', '498');
INSERT INTO `datphong` (`maks`, `makhach`, `ngaynhan`, `ngaytra`, `sop`) VALUES ('c0c056d3-e601-3cc7-adb0-721e0ec8c925', 'b40eeac7-8950-3678-ac96-0099cc072dfd', '1988-03-06', '1984-05-02', '464');
INSERT INTO `datphong` (`maks`, `makhach`, `ngaynhan`, `ngaytra`, `sop`) VALUES ('c0c056d3-e601-3cc7-adb0-721e0ec8c925', 'b40eeac7-8950-3678-ac96-0099cc072dfd', '2004-04-15', '2018-02-06', '486');
INSERT INTO `datphong` (`maks`, `makhach`, `ngaynhan`, `ngaytra`, `sop`) VALUES ('c0c056d3-e601-3cc7-adb0-721e0ec8c925', 'b40eeac7-8950-3678-ac96-0099cc072dfd', '2008-04-26', '2019-03-05', '305');
INSERT INTO `datphong` (`maks`, `makhach`, `ngaynhan`, `ngaytra`, `sop`) VALUES ('c0c056d3-e601-3cc7-adb0-721e0ec8c925', 'b40eeac7-8950-3678-ac96-0099cc072dfd', '2008-07-03', '1991-06-24', '384');
INSERT INTO `datphong` (`maks`, `makhach`, `ngaynhan`, `ngaytra`, `sop`) VALUES ('c0c056d3-e601-3cc7-adb0-721e0ec8c925', 'b40eeac7-8950-3678-ac96-0099cc072dfd', '2008-12-12', '1982-05-23', '308');
INSERT INTO `datphong` (`maks`, `makhach`, `ngaynhan`, `ngaytra`, `sop`) VALUES ('c397781a-a59d-3a83-b42f-cb553ecfd532', 'b8487f01-f8eb-399f-a9da-6453dd893a52', '1971-12-04', '1973-08-14', '303');
INSERT INTO `datphong` (`maks`, `makhach`, `ngaynhan`, `ngaytra`, `sop`) VALUES ('c397781a-a59d-3a83-b42f-cb553ecfd532', 'b8487f01-f8eb-399f-a9da-6453dd893a52', '1974-02-13', '1972-07-28', '355');
INSERT INTO `datphong` (`maks`, `makhach`, `ngaynhan`, `ngaytra`, `sop`) VALUES ('c397781a-a59d-3a83-b42f-cb553ecfd532', 'b8487f01-f8eb-399f-a9da-6453dd893a52', '1999-07-09', '1975-05-06', '401');
INSERT INTO `datphong` (`maks`, `makhach`, `ngaynhan`, `ngaytra`, `sop`) VALUES ('c397781a-a59d-3a83-b42f-cb553ecfd532', 'b8487f01-f8eb-399f-a9da-6453dd893a52', '2000-06-21', '1979-01-18', '436');
INSERT INTO `datphong` (`maks`, `makhach`, `ngaynhan`, `ngaytra`, `sop`) VALUES ('c397781a-a59d-3a83-b42f-cb553ecfd532', 'b8487f01-f8eb-399f-a9da-6453dd893a52', '2002-12-01', '2017-09-11', '452');
INSERT INTO `datphong` (`maks`, `makhach`, `ngaynhan`, `ngaytra`, `sop`) VALUES ('c397781a-a59d-3a83-b42f-cb553ecfd532', 'b8487f01-f8eb-399f-a9da-6453dd893a52', '2005-04-30', '1990-08-02', '398');
INSERT INTO `datphong` (`maks`, `makhach`, `ngaynhan`, `ngaytra`, `sop`) VALUES ('c397781a-a59d-3a83-b42f-cb553ecfd532', 'b8487f01-f8eb-399f-a9da-6453dd893a52', '2011-12-23', '1974-02-21', '472');
INSERT INTO `datphong` (`maks`, `makhach`, `ngaynhan`, `ngaytra`, `sop`) VALUES ('c397781a-a59d-3a83-b42f-cb553ecfd532', 'b8487f01-f8eb-399f-a9da-6453dd893a52', '2013-08-14', '2005-07-23', '456');
INSERT INTO `datphong` (`maks`, `makhach`, `ngaynhan`, `ngaytra`, `sop`) VALUES ('c397781a-a59d-3a83-b42f-cb553ecfd532', 'b8487f01-f8eb-399f-a9da-6453dd893a52', '2016-03-09', '2011-09-23', '337');
INSERT INTO `datphong` (`maks`, `makhach`, `ngaynhan`, `ngaytra`, `sop`) VALUES ('c397781a-a59d-3a83-b42f-cb553ecfd532', 'b8487f01-f8eb-399f-a9da-6453dd893a52', '2019-12-03', '2003-08-13', '353');
INSERT INTO `datphong` (`maks`, `makhach`, `ngaynhan`, `ngaytra`, `sop`) VALUES ('c3da0c16-3060-3f3b-9f97-4f59818cfa34', 'bd77ae99-842f-3337-8c04-4ac1073536da', '1973-11-11', '2005-06-10', '310');
INSERT INTO `datphong` (`maks`, `makhach`, `ngaynhan`, `ngaytra`, `sop`) VALUES ('c3da0c16-3060-3f3b-9f97-4f59818cfa34', 'bd77ae99-842f-3337-8c04-4ac1073536da', '1979-06-07', '1977-05-22', '348');
INSERT INTO `datphong` (`maks`, `makhach`, `ngaynhan`, `ngaytra`, `sop`) VALUES ('c3da0c16-3060-3f3b-9f97-4f59818cfa34', 'bd77ae99-842f-3337-8c04-4ac1073536da', '1979-10-27', '1972-04-14', '464');
INSERT INTO `datphong` (`maks`, `makhach`, `ngaynhan`, `ngaytra`, `sop`) VALUES ('c3da0c16-3060-3f3b-9f97-4f59818cfa34', 'bd77ae99-842f-3337-8c04-4ac1073536da', '1981-10-16', '2012-12-03', '302');
INSERT INTO `datphong` (`maks`, `makhach`, `ngaynhan`, `ngaytra`, `sop`) VALUES ('c3da0c16-3060-3f3b-9f97-4f59818cfa34', 'bd77ae99-842f-3337-8c04-4ac1073536da', '1987-05-06', '2019-08-10', '443');
INSERT INTO `datphong` (`maks`, `makhach`, `ngaynhan`, `ngaytra`, `sop`) VALUES ('c3da0c16-3060-3f3b-9f97-4f59818cfa34', 'bd77ae99-842f-3337-8c04-4ac1073536da', '1987-12-22', '1994-05-12', '469');
INSERT INTO `datphong` (`maks`, `makhach`, `ngaynhan`, `ngaytra`, `sop`) VALUES ('c3da0c16-3060-3f3b-9f97-4f59818cfa34', 'bd77ae99-842f-3337-8c04-4ac1073536da', '2006-01-27', '1988-03-29', '435');
INSERT INTO `datphong` (`maks`, `makhach`, `ngaynhan`, `ngaytra`, `sop`) VALUES ('c3da0c16-3060-3f3b-9f97-4f59818cfa34', 'bd77ae99-842f-3337-8c04-4ac1073536da', '2007-11-25', '1993-12-27', '471');
INSERT INTO `datphong` (`maks`, `makhach`, `ngaynhan`, `ngaytra`, `sop`) VALUES ('c3da0c16-3060-3f3b-9f97-4f59818cfa34', 'bd77ae99-842f-3337-8c04-4ac1073536da', '2011-10-13', '2009-04-17', '321');
INSERT INTO `datphong` (`maks`, `makhach`, `ngaynhan`, `ngaytra`, `sop`) VALUES ('c3da0c16-3060-3f3b-9f97-4f59818cfa34', 'bd77ae99-842f-3337-8c04-4ac1073536da', '2015-01-11', '2020-08-01', '431');
INSERT INTO `datphong` (`maks`, `makhach`, `ngaynhan`, `ngaytra`, `sop`) VALUES ('c4fa26d0-5ac4-36de-822a-48ccd6a88b48', 'c045b9a9-bbda-3141-9143-7479de8d7c6f', '1970-04-18', '2001-01-17', '484');
INSERT INTO `datphong` (`maks`, `makhach`, `ngaynhan`, `ngaytra`, `sop`) VALUES ('c4fa26d0-5ac4-36de-822a-48ccd6a88b48', 'c045b9a9-bbda-3141-9143-7479de8d7c6f', '1974-10-16', '1997-01-27', '473');
INSERT INTO `datphong` (`maks`, `makhach`, `ngaynhan`, `ngaytra`, `sop`) VALUES ('c4fa26d0-5ac4-36de-822a-48ccd6a88b48', 'c045b9a9-bbda-3141-9143-7479de8d7c6f', '1975-07-29', '1979-03-18', '473');
INSERT INTO `datphong` (`maks`, `makhach`, `ngaynhan`, `ngaytra`, `sop`) VALUES ('c4fa26d0-5ac4-36de-822a-48ccd6a88b48', 'c045b9a9-bbda-3141-9143-7479de8d7c6f', '1993-05-10', '1970-12-05', '363');
INSERT INTO `datphong` (`maks`, `makhach`, `ngaynhan`, `ngaytra`, `sop`) VALUES ('c4fa26d0-5ac4-36de-822a-48ccd6a88b48', 'c045b9a9-bbda-3141-9143-7479de8d7c6f', '1995-03-24', '1973-09-15', '432');
INSERT INTO `datphong` (`maks`, `makhach`, `ngaynhan`, `ngaytra`, `sop`) VALUES ('c4fa26d0-5ac4-36de-822a-48ccd6a88b48', 'c045b9a9-bbda-3141-9143-7479de8d7c6f', '2000-12-03', '2016-01-05', '374');
INSERT INTO `datphong` (`maks`, `makhach`, `ngaynhan`, `ngaytra`, `sop`) VALUES ('c4fa26d0-5ac4-36de-822a-48ccd6a88b48', 'c045b9a9-bbda-3141-9143-7479de8d7c6f', '2007-05-03', '2012-06-29', '413');
INSERT INTO `datphong` (`maks`, `makhach`, `ngaynhan`, `ngaytra`, `sop`) VALUES ('c4fa26d0-5ac4-36de-822a-48ccd6a88b48', 'c045b9a9-bbda-3141-9143-7479de8d7c6f', '2014-08-11', '2008-02-04', '420');
INSERT INTO `datphong` (`maks`, `makhach`, `ngaynhan`, `ngaytra`, `sop`) VALUES ('c4fa26d0-5ac4-36de-822a-48ccd6a88b48', 'c045b9a9-bbda-3141-9143-7479de8d7c6f', '2018-11-27', '1994-04-29', '468');
INSERT INTO `datphong` (`maks`, `makhach`, `ngaynhan`, `ngaytra`, `sop`) VALUES ('c4fa26d0-5ac4-36de-822a-48ccd6a88b48', 'c045b9a9-bbda-3141-9143-7479de8d7c6f', '2020-05-14', '1982-06-09', '383');
INSERT INTO `datphong` (`maks`, `makhach`, `ngaynhan`, `ngaytra`, `sop`) VALUES ('c55f47b6-2225-312b-bb6b-2e8e68b38893', 'c070f903-e038-3a91-86d8-6846a7e1ef5c', '1971-05-17', '1994-12-28', '402');
INSERT INTO `datphong` (`maks`, `makhach`, `ngaynhan`, `ngaytra`, `sop`) VALUES ('c55f47b6-2225-312b-bb6b-2e8e68b38893', 'c070f903-e038-3a91-86d8-6846a7e1ef5c', '1972-02-24', '2011-02-07', '324');
INSERT INTO `datphong` (`maks`, `makhach`, `ngaynhan`, `ngaytra`, `sop`) VALUES ('c55f47b6-2225-312b-bb6b-2e8e68b38893', 'c070f903-e038-3a91-86d8-6846a7e1ef5c', '1974-08-03', '1986-06-03', '421');
INSERT INTO `datphong` (`maks`, `makhach`, `ngaynhan`, `ngaytra`, `sop`) VALUES ('c55f47b6-2225-312b-bb6b-2e8e68b38893', 'c070f903-e038-3a91-86d8-6846a7e1ef5c', '1976-08-06', '1989-05-23', '457');
INSERT INTO `datphong` (`maks`, `makhach`, `ngaynhan`, `ngaytra`, `sop`) VALUES ('c55f47b6-2225-312b-bb6b-2e8e68b38893', 'c070f903-e038-3a91-86d8-6846a7e1ef5c', '1984-03-31', '2000-04-14', '444');
INSERT INTO `datphong` (`maks`, `makhach`, `ngaynhan`, `ngaytra`, `sop`) VALUES ('c55f47b6-2225-312b-bb6b-2e8e68b38893', 'c070f903-e038-3a91-86d8-6846a7e1ef5c', '1990-01-18', '1978-03-13', '436');
INSERT INTO `datphong` (`maks`, `makhach`, `ngaynhan`, `ngaytra`, `sop`) VALUES ('c55f47b6-2225-312b-bb6b-2e8e68b38893', 'c070f903-e038-3a91-86d8-6846a7e1ef5c', '1998-10-26', '2002-12-16', '417');
INSERT INTO `datphong` (`maks`, `makhach`, `ngaynhan`, `ngaytra`, `sop`) VALUES ('c55f47b6-2225-312b-bb6b-2e8e68b38893', 'c070f903-e038-3a91-86d8-6846a7e1ef5c', '1998-11-22', '2014-04-01', '483');
INSERT INTO `datphong` (`maks`, `makhach`, `ngaynhan`, `ngaytra`, `sop`) VALUES ('c55f47b6-2225-312b-bb6b-2e8e68b38893', 'c070f903-e038-3a91-86d8-6846a7e1ef5c', '2003-01-10', '1980-11-10', '388');
INSERT INTO `datphong` (`maks`, `makhach`, `ngaynhan`, `ngaytra`, `sop`) VALUES ('c55f47b6-2225-312b-bb6b-2e8e68b38893', 'c070f903-e038-3a91-86d8-6846a7e1ef5c', '2009-11-28', '1986-01-23', '420');
INSERT INTO `datphong` (`maks`, `makhach`, `ngaynhan`, `ngaytra`, `sop`) VALUES ('c97f51f9-c8ed-33d8-b3b6-86896493aac0', 'c089576e-89e2-358b-8c08-d9f2d38ef6cb', '1975-11-13', '1992-08-15', '346');
INSERT INTO `datphong` (`maks`, `makhach`, `ngaynhan`, `ngaytra`, `sop`) VALUES ('c97f51f9-c8ed-33d8-b3b6-86896493aac0', 'c089576e-89e2-358b-8c08-d9f2d38ef6cb', '1983-01-03', '1985-06-09', '410');
INSERT INTO `datphong` (`maks`, `makhach`, `ngaynhan`, `ngaytra`, `sop`) VALUES ('c97f51f9-c8ed-33d8-b3b6-86896493aac0', 'c089576e-89e2-358b-8c08-d9f2d38ef6cb', '1984-02-15', '1982-08-19', '367');
INSERT INTO `datphong` (`maks`, `makhach`, `ngaynhan`, `ngaytra`, `sop`) VALUES ('c97f51f9-c8ed-33d8-b3b6-86896493aac0', 'c089576e-89e2-358b-8c08-d9f2d38ef6cb', '1988-12-21', '2016-03-14', '401');
INSERT INTO `datphong` (`maks`, `makhach`, `ngaynhan`, `ngaytra`, `sop`) VALUES ('c97f51f9-c8ed-33d8-b3b6-86896493aac0', 'c089576e-89e2-358b-8c08-d9f2d38ef6cb', '1989-07-16', '1999-05-22', '398');
INSERT INTO `datphong` (`maks`, `makhach`, `ngaynhan`, `ngaytra`, `sop`) VALUES ('c97f51f9-c8ed-33d8-b3b6-86896493aac0', 'c089576e-89e2-358b-8c08-d9f2d38ef6cb', '1992-12-30', '1988-01-09', '316');
INSERT INTO `datphong` (`maks`, `makhach`, `ngaynhan`, `ngaytra`, `sop`) VALUES ('c97f51f9-c8ed-33d8-b3b6-86896493aac0', 'c089576e-89e2-358b-8c08-d9f2d38ef6cb', '2008-07-12', '2015-10-24', '468');
INSERT INTO `datphong` (`maks`, `makhach`, `ngaynhan`, `ngaytra`, `sop`) VALUES ('c97f51f9-c8ed-33d8-b3b6-86896493aac0', 'c089576e-89e2-358b-8c08-d9f2d38ef6cb', '2010-12-01', '1989-08-31', '378');
INSERT INTO `datphong` (`maks`, `makhach`, `ngaynhan`, `ngaytra`, `sop`) VALUES ('c97f51f9-c8ed-33d8-b3b6-86896493aac0', 'c089576e-89e2-358b-8c08-d9f2d38ef6cb', '2015-05-18', '2011-06-07', '356');
INSERT INTO `datphong` (`maks`, `makhach`, `ngaynhan`, `ngaytra`, `sop`) VALUES ('c97f51f9-c8ed-33d8-b3b6-86896493aac0', 'c089576e-89e2-358b-8c08-d9f2d38ef6cb', '2017-01-23', '2001-04-24', '388');
INSERT INTO `datphong` (`maks`, `makhach`, `ngaynhan`, `ngaytra`, `sop`) VALUES ('ca4eb150-480e-33da-b247-19d1f0c64862', 'c5f38333-d5fb-3360-8e16-d19cf1f72da9', '1974-04-13', '1999-02-06', '483');
INSERT INTO `datphong` (`maks`, `makhach`, `ngaynhan`, `ngaytra`, `sop`) VALUES ('ca4eb150-480e-33da-b247-19d1f0c64862', 'c5f38333-d5fb-3360-8e16-d19cf1f72da9', '1977-07-19', '1970-04-22', '315');
INSERT INTO `datphong` (`maks`, `makhach`, `ngaynhan`, `ngaytra`, `sop`) VALUES ('ca4eb150-480e-33da-b247-19d1f0c64862', 'c5f38333-d5fb-3360-8e16-d19cf1f72da9', '1978-10-26', '1976-03-26', '435');
INSERT INTO `datphong` (`maks`, `makhach`, `ngaynhan`, `ngaytra`, `sop`) VALUES ('ca4eb150-480e-33da-b247-19d1f0c64862', 'c5f38333-d5fb-3360-8e16-d19cf1f72da9', '1980-12-06', '1981-06-04', '363');
INSERT INTO `datphong` (`maks`, `makhach`, `ngaynhan`, `ngaytra`, `sop`) VALUES ('ca4eb150-480e-33da-b247-19d1f0c64862', 'c5f38333-d5fb-3360-8e16-d19cf1f72da9', '1983-02-16', '1993-09-21', '362');
INSERT INTO `datphong` (`maks`, `makhach`, `ngaynhan`, `ngaytra`, `sop`) VALUES ('ca4eb150-480e-33da-b247-19d1f0c64862', 'c5f38333-d5fb-3360-8e16-d19cf1f72da9', '1984-09-04', '1976-09-02', '452');
INSERT INTO `datphong` (`maks`, `makhach`, `ngaynhan`, `ngaytra`, `sop`) VALUES ('ca4eb150-480e-33da-b247-19d1f0c64862', 'c5f38333-d5fb-3360-8e16-d19cf1f72da9', '1993-11-18', '2014-02-11', '463');
INSERT INTO `datphong` (`maks`, `makhach`, `ngaynhan`, `ngaytra`, `sop`) VALUES ('ca4eb150-480e-33da-b247-19d1f0c64862', 'c5f38333-d5fb-3360-8e16-d19cf1f72da9', '1997-03-21', '1973-06-24', '483');
INSERT INTO `datphong` (`maks`, `makhach`, `ngaynhan`, `ngaytra`, `sop`) VALUES ('ca4eb150-480e-33da-b247-19d1f0c64862', 'c5f38333-d5fb-3360-8e16-d19cf1f72da9', '2000-08-06', '1973-03-18', '328');
INSERT INTO `datphong` (`maks`, `makhach`, `ngaynhan`, `ngaytra`, `sop`) VALUES ('ca4eb150-480e-33da-b247-19d1f0c64862', 'c5f38333-d5fb-3360-8e16-d19cf1f72da9', '2008-01-23', '2007-04-25', '391');
INSERT INTO `datphong` (`maks`, `makhach`, `ngaynhan`, `ngaytra`, `sop`) VALUES ('cb46a4b0-a545-31e7-8372-68089cafc344', 'c6728c37-4a55-3ba0-af87-716997eb9e72', '1974-12-24', '1990-05-29', '399');
INSERT INTO `datphong` (`maks`, `makhach`, `ngaynhan`, `ngaytra`, `sop`) VALUES ('cb46a4b0-a545-31e7-8372-68089cafc344', 'c6728c37-4a55-3ba0-af87-716997eb9e72', '1979-05-31', '1987-03-25', '425');
INSERT INTO `datphong` (`maks`, `makhach`, `ngaynhan`, `ngaytra`, `sop`) VALUES ('cb46a4b0-a545-31e7-8372-68089cafc344', 'c6728c37-4a55-3ba0-af87-716997eb9e72', '1982-01-28', '1978-06-10', '346');
INSERT INTO `datphong` (`maks`, `makhach`, `ngaynhan`, `ngaytra`, `sop`) VALUES ('cb46a4b0-a545-31e7-8372-68089cafc344', 'c6728c37-4a55-3ba0-af87-716997eb9e72', '1983-02-28', '2013-01-12', '441');
INSERT INTO `datphong` (`maks`, `makhach`, `ngaynhan`, `ngaytra`, `sop`) VALUES ('cb46a4b0-a545-31e7-8372-68089cafc344', 'c6728c37-4a55-3ba0-af87-716997eb9e72', '1994-07-02', '2011-10-14', '373');
INSERT INTO `datphong` (`maks`, `makhach`, `ngaynhan`, `ngaytra`, `sop`) VALUES ('cb46a4b0-a545-31e7-8372-68089cafc344', 'c6728c37-4a55-3ba0-af87-716997eb9e72', '2000-06-03', '2011-01-06', '431');
INSERT INTO `datphong` (`maks`, `makhach`, `ngaynhan`, `ngaytra`, `sop`) VALUES ('cb46a4b0-a545-31e7-8372-68089cafc344', 'c6728c37-4a55-3ba0-af87-716997eb9e72', '2001-05-17', '2004-03-04', '479');
INSERT INTO `datphong` (`maks`, `makhach`, `ngaynhan`, `ngaytra`, `sop`) VALUES ('cb46a4b0-a545-31e7-8372-68089cafc344', 'c6728c37-4a55-3ba0-af87-716997eb9e72', '2002-07-24', '1981-10-25', '389');
INSERT INTO `datphong` (`maks`, `makhach`, `ngaynhan`, `ngaytra`, `sop`) VALUES ('cb46a4b0-a545-31e7-8372-68089cafc344', 'c6728c37-4a55-3ba0-af87-716997eb9e72', '2017-07-31', '1974-04-08', '460');
INSERT INTO `datphong` (`maks`, `makhach`, `ngaynhan`, `ngaytra`, `sop`) VALUES ('cb46a4b0-a545-31e7-8372-68089cafc344', 'c6728c37-4a55-3ba0-af87-716997eb9e72', '2019-05-09', '2006-03-30', '416');
INSERT INTO `datphong` (`maks`, `makhach`, `ngaynhan`, `ngaytra`, `sop`) VALUES ('d15dba74-998f-35bd-b5d5-606aaec496ad', 'c719b9bc-f051-35d0-b790-362c01591f3f', '1971-09-27', '2002-10-12', '462');
INSERT INTO `datphong` (`maks`, `makhach`, `ngaynhan`, `ngaytra`, `sop`) VALUES ('d15dba74-998f-35bd-b5d5-606aaec496ad', 'c719b9bc-f051-35d0-b790-362c01591f3f', '1975-08-15', '2015-12-14', '312');
INSERT INTO `datphong` (`maks`, `makhach`, `ngaynhan`, `ngaytra`, `sop`) VALUES ('d15dba74-998f-35bd-b5d5-606aaec496ad', 'c719b9bc-f051-35d0-b790-362c01591f3f', '1977-10-20', '1988-08-28', '390');
INSERT INTO `datphong` (`maks`, `makhach`, `ngaynhan`, `ngaytra`, `sop`) VALUES ('d15dba74-998f-35bd-b5d5-606aaec496ad', 'c719b9bc-f051-35d0-b790-362c01591f3f', '1982-01-08', '2004-10-30', '409');
INSERT INTO `datphong` (`maks`, `makhach`, `ngaynhan`, `ngaytra`, `sop`) VALUES ('d15dba74-998f-35bd-b5d5-606aaec496ad', 'c719b9bc-f051-35d0-b790-362c01591f3f', '1982-02-21', '1998-05-22', '393');
INSERT INTO `datphong` (`maks`, `makhach`, `ngaynhan`, `ngaytra`, `sop`) VALUES ('d15dba74-998f-35bd-b5d5-606aaec496ad', 'c719b9bc-f051-35d0-b790-362c01591f3f', '1985-04-14', '1977-10-06', '341');
INSERT INTO `datphong` (`maks`, `makhach`, `ngaynhan`, `ngaytra`, `sop`) VALUES ('d15dba74-998f-35bd-b5d5-606aaec496ad', 'c719b9bc-f051-35d0-b790-362c01591f3f', '1987-05-19', '1991-12-02', '443');
INSERT INTO `datphong` (`maks`, `makhach`, `ngaynhan`, `ngaytra`, `sop`) VALUES ('d15dba74-998f-35bd-b5d5-606aaec496ad', 'c719b9bc-f051-35d0-b790-362c01591f3f', '1988-11-24', '1992-09-07', '442');
INSERT INTO `datphong` (`maks`, `makhach`, `ngaynhan`, `ngaytra`, `sop`) VALUES ('d15dba74-998f-35bd-b5d5-606aaec496ad', 'c719b9bc-f051-35d0-b790-362c01591f3f', '1989-09-17', '1999-05-27', '363');
INSERT INTO `datphong` (`maks`, `makhach`, `ngaynhan`, `ngaytra`, `sop`) VALUES ('d15dba74-998f-35bd-b5d5-606aaec496ad', 'c719b9bc-f051-35d0-b790-362c01591f3f', '1990-04-07', '2013-10-24', '394');
INSERT INTO `datphong` (`maks`, `makhach`, `ngaynhan`, `ngaytra`, `sop`) VALUES ('d29b043e-fbdd-3ed7-a56b-08b5df095da1', 'c75fc651-d65e-3198-a903-9033cf35e9f8', '1972-05-13', '2017-11-27', '355');
INSERT INTO `datphong` (`maks`, `makhach`, `ngaynhan`, `ngaytra`, `sop`) VALUES ('d29b043e-fbdd-3ed7-a56b-08b5df095da1', 'c75fc651-d65e-3198-a903-9033cf35e9f8', '1975-02-07', '2010-05-13', '495');
INSERT INTO `datphong` (`maks`, `makhach`, `ngaynhan`, `ngaytra`, `sop`) VALUES ('d29b043e-fbdd-3ed7-a56b-08b5df095da1', 'c75fc651-d65e-3198-a903-9033cf35e9f8', '1981-12-19', '1989-04-04', '309');
INSERT INTO `datphong` (`maks`, `makhach`, `ngaynhan`, `ngaytra`, `sop`) VALUES ('d29b043e-fbdd-3ed7-a56b-08b5df095da1', 'c75fc651-d65e-3198-a903-9033cf35e9f8', '1995-05-14', '1978-10-17', '316');
INSERT INTO `datphong` (`maks`, `makhach`, `ngaynhan`, `ngaytra`, `sop`) VALUES ('d29b043e-fbdd-3ed7-a56b-08b5df095da1', 'c75fc651-d65e-3198-a903-9033cf35e9f8', '1995-11-09', '2001-04-25', '311');
INSERT INTO `datphong` (`maks`, `makhach`, `ngaynhan`, `ngaytra`, `sop`) VALUES ('d29b043e-fbdd-3ed7-a56b-08b5df095da1', 'c75fc651-d65e-3198-a903-9033cf35e9f8', '1997-04-28', '1999-01-09', '389');
INSERT INTO `datphong` (`maks`, `makhach`, `ngaynhan`, `ngaytra`, `sop`) VALUES ('d29b043e-fbdd-3ed7-a56b-08b5df095da1', 'c75fc651-d65e-3198-a903-9033cf35e9f8', '2000-12-19', '2018-06-29', '362');
INSERT INTO `datphong` (`maks`, `makhach`, `ngaynhan`, `ngaytra`, `sop`) VALUES ('d29b043e-fbdd-3ed7-a56b-08b5df095da1', 'c75fc651-d65e-3198-a903-9033cf35e9f8', '2001-03-06', '2020-03-04', '328');
INSERT INTO `datphong` (`maks`, `makhach`, `ngaynhan`, `ngaytra`, `sop`) VALUES ('d29b043e-fbdd-3ed7-a56b-08b5df095da1', 'c75fc651-d65e-3198-a903-9033cf35e9f8', '2001-05-23', '2012-03-09', '376');
INSERT INTO `datphong` (`maks`, `makhach`, `ngaynhan`, `ngaytra`, `sop`) VALUES ('d29b043e-fbdd-3ed7-a56b-08b5df095da1', 'c75fc651-d65e-3198-a903-9033cf35e9f8', '2015-07-11', '2006-03-28', '421');
INSERT INTO `datphong` (`maks`, `makhach`, `ngaynhan`, `ngaytra`, `sop`) VALUES ('d4053eae-bd77-35d7-81e3-3018e45d6d03', 'c80f9c3a-3fd2-3f07-b2e9-9145b1942386', '1972-05-12', '2018-01-27', '398');
INSERT INTO `datphong` (`maks`, `makhach`, `ngaynhan`, `ngaytra`, `sop`) VALUES ('d4053eae-bd77-35d7-81e3-3018e45d6d03', 'c80f9c3a-3fd2-3f07-b2e9-9145b1942386', '1975-12-22', '1978-11-27', '435');
INSERT INTO `datphong` (`maks`, `makhach`, `ngaynhan`, `ngaytra`, `sop`) VALUES ('d4053eae-bd77-35d7-81e3-3018e45d6d03', 'c80f9c3a-3fd2-3f07-b2e9-9145b1942386', '1981-01-02', '1971-04-24', '439');
INSERT INTO `datphong` (`maks`, `makhach`, `ngaynhan`, `ngaytra`, `sop`) VALUES ('d4053eae-bd77-35d7-81e3-3018e45d6d03', 'c80f9c3a-3fd2-3f07-b2e9-9145b1942386', '1981-05-16', '1981-09-26', '320');
INSERT INTO `datphong` (`maks`, `makhach`, `ngaynhan`, `ngaytra`, `sop`) VALUES ('d4053eae-bd77-35d7-81e3-3018e45d6d03', 'c80f9c3a-3fd2-3f07-b2e9-9145b1942386', '1985-12-28', '2011-06-10', '490');
INSERT INTO `datphong` (`maks`, `makhach`, `ngaynhan`, `ngaytra`, `sop`) VALUES ('d4053eae-bd77-35d7-81e3-3018e45d6d03', 'c80f9c3a-3fd2-3f07-b2e9-9145b1942386', '1987-02-16', '1980-12-01', '389');
INSERT INTO `datphong` (`maks`, `makhach`, `ngaynhan`, `ngaytra`, `sop`) VALUES ('d4053eae-bd77-35d7-81e3-3018e45d6d03', 'c80f9c3a-3fd2-3f07-b2e9-9145b1942386', '1989-07-18', '2014-08-05', '368');
INSERT INTO `datphong` (`maks`, `makhach`, `ngaynhan`, `ngaytra`, `sop`) VALUES ('d4053eae-bd77-35d7-81e3-3018e45d6d03', 'c80f9c3a-3fd2-3f07-b2e9-9145b1942386', '1996-01-12', '1995-01-18', '409');
INSERT INTO `datphong` (`maks`, `makhach`, `ngaynhan`, `ngaytra`, `sop`) VALUES ('d4053eae-bd77-35d7-81e3-3018e45d6d03', 'c80f9c3a-3fd2-3f07-b2e9-9145b1942386', '2001-09-22', '1977-12-24', '481');
INSERT INTO `datphong` (`maks`, `makhach`, `ngaynhan`, `ngaytra`, `sop`) VALUES ('d4053eae-bd77-35d7-81e3-3018e45d6d03', 'c80f9c3a-3fd2-3f07-b2e9-9145b1942386', '2006-01-31', '1994-01-04', '448');
INSERT INTO `datphong` (`maks`, `makhach`, `ngaynhan`, `ngaytra`, `sop`) VALUES ('d45cbd86-b8b8-3bc9-8e93-5008b8063c22', 'c8467251-09cd-328a-8e95-5761465835cd', '1972-01-21', '2018-12-29', '401');
INSERT INTO `datphong` (`maks`, `makhach`, `ngaynhan`, `ngaytra`, `sop`) VALUES ('d45cbd86-b8b8-3bc9-8e93-5008b8063c22', 'c8467251-09cd-328a-8e95-5761465835cd', '1978-04-22', '1976-09-19', '467');
INSERT INTO `datphong` (`maks`, `makhach`, `ngaynhan`, `ngaytra`, `sop`) VALUES ('d45cbd86-b8b8-3bc9-8e93-5008b8063c22', 'c8467251-09cd-328a-8e95-5761465835cd', '1983-07-02', '2009-03-13', '384');
INSERT INTO `datphong` (`maks`, `makhach`, `ngaynhan`, `ngaytra`, `sop`) VALUES ('d45cbd86-b8b8-3bc9-8e93-5008b8063c22', 'c8467251-09cd-328a-8e95-5761465835cd', '1988-05-18', '1980-08-30', '433');
INSERT INTO `datphong` (`maks`, `makhach`, `ngaynhan`, `ngaytra`, `sop`) VALUES ('d45cbd86-b8b8-3bc9-8e93-5008b8063c22', 'c8467251-09cd-328a-8e95-5761465835cd', '1989-08-30', '2008-06-09', '472');
INSERT INTO `datphong` (`maks`, `makhach`, `ngaynhan`, `ngaytra`, `sop`) VALUES ('d45cbd86-b8b8-3bc9-8e93-5008b8063c22', 'c8467251-09cd-328a-8e95-5761465835cd', '1990-01-13', '2018-01-21', '421');
INSERT INTO `datphong` (`maks`, `makhach`, `ngaynhan`, `ngaytra`, `sop`) VALUES ('d45cbd86-b8b8-3bc9-8e93-5008b8063c22', 'c8467251-09cd-328a-8e95-5761465835cd', '2001-02-22', '1970-03-28', '353');
INSERT INTO `datphong` (`maks`, `makhach`, `ngaynhan`, `ngaytra`, `sop`) VALUES ('d45cbd86-b8b8-3bc9-8e93-5008b8063c22', 'c8467251-09cd-328a-8e95-5761465835cd', '2005-10-27', '1983-08-22', '390');
INSERT INTO `datphong` (`maks`, `makhach`, `ngaynhan`, `ngaytra`, `sop`) VALUES ('d45cbd86-b8b8-3bc9-8e93-5008b8063c22', 'c8467251-09cd-328a-8e95-5761465835cd', '2007-09-12', '1980-08-05', '373');
INSERT INTO `datphong` (`maks`, `makhach`, `ngaynhan`, `ngaytra`, `sop`) VALUES ('d45cbd86-b8b8-3bc9-8e93-5008b8063c22', 'c8467251-09cd-328a-8e95-5761465835cd', '2009-04-25', '1973-03-26', '352');
INSERT INTO `datphong` (`maks`, `makhach`, `ngaynhan`, `ngaytra`, `sop`) VALUES ('d6499633-091e-3752-b73d-c59c1dd07138', 'cc751d93-7acc-3cdf-bb86-586e7ac5b6a0', '1973-02-22', '1978-01-28', '434');
INSERT INTO `datphong` (`maks`, `makhach`, `ngaynhan`, `ngaytra`, `sop`) VALUES ('d6499633-091e-3752-b73d-c59c1dd07138', 'cc751d93-7acc-3cdf-bb86-586e7ac5b6a0', '1975-07-31', '1970-10-13', '442');
INSERT INTO `datphong` (`maks`, `makhach`, `ngaynhan`, `ngaytra`, `sop`) VALUES ('d6499633-091e-3752-b73d-c59c1dd07138', 'cc751d93-7acc-3cdf-bb86-586e7ac5b6a0', '1976-08-18', '1989-06-06', '397');
INSERT INTO `datphong` (`maks`, `makhach`, `ngaynhan`, `ngaytra`, `sop`) VALUES ('d6499633-091e-3752-b73d-c59c1dd07138', 'cc751d93-7acc-3cdf-bb86-586e7ac5b6a0', '1977-01-03', '1987-01-08', '440');
INSERT INTO `datphong` (`maks`, `makhach`, `ngaynhan`, `ngaytra`, `sop`) VALUES ('d6499633-091e-3752-b73d-c59c1dd07138', 'cc751d93-7acc-3cdf-bb86-586e7ac5b6a0', '1980-01-25', '1973-02-26', '420');
INSERT INTO `datphong` (`maks`, `makhach`, `ngaynhan`, `ngaytra`, `sop`) VALUES ('d6499633-091e-3752-b73d-c59c1dd07138', 'cc751d93-7acc-3cdf-bb86-586e7ac5b6a0', '1990-05-30', '1983-06-22', '424');
INSERT INTO `datphong` (`maks`, `makhach`, `ngaynhan`, `ngaytra`, `sop`) VALUES ('d6499633-091e-3752-b73d-c59c1dd07138', 'cc751d93-7acc-3cdf-bb86-586e7ac5b6a0', '1996-09-13', '1996-02-16', '476');
INSERT INTO `datphong` (`maks`, `makhach`, `ngaynhan`, `ngaytra`, `sop`) VALUES ('d6499633-091e-3752-b73d-c59c1dd07138', 'cc751d93-7acc-3cdf-bb86-586e7ac5b6a0', '2003-01-15', '2000-08-04', '400');
INSERT INTO `datphong` (`maks`, `makhach`, `ngaynhan`, `ngaytra`, `sop`) VALUES ('d6499633-091e-3752-b73d-c59c1dd07138', 'cc751d93-7acc-3cdf-bb86-586e7ac5b6a0', '2012-12-04', '2019-02-26', '404');
INSERT INTO `datphong` (`maks`, `makhach`, `ngaynhan`, `ngaytra`, `sop`) VALUES ('d6499633-091e-3752-b73d-c59c1dd07138', 'cc751d93-7acc-3cdf-bb86-586e7ac5b6a0', '2015-12-09', '1989-05-06', '316');
INSERT INTO `datphong` (`maks`, `makhach`, `ngaynhan`, `ngaytra`, `sop`) VALUES ('d67e9aa8-0ae4-36f0-80b7-23b3fca59cf6', 'cf15d8fa-ff08-346c-acce-d0a380e1c45d', '1974-08-28', '1999-10-27', '490');
INSERT INTO `datphong` (`maks`, `makhach`, `ngaynhan`, `ngaytra`, `sop`) VALUES ('d67e9aa8-0ae4-36f0-80b7-23b3fca59cf6', 'cf15d8fa-ff08-346c-acce-d0a380e1c45d', '1975-12-24', '1987-10-02', '328');
INSERT INTO `datphong` (`maks`, `makhach`, `ngaynhan`, `ngaytra`, `sop`) VALUES ('d67e9aa8-0ae4-36f0-80b7-23b3fca59cf6', 'cf15d8fa-ff08-346c-acce-d0a380e1c45d', '1990-01-12', '1982-12-11', '312');
INSERT INTO `datphong` (`maks`, `makhach`, `ngaynhan`, `ngaytra`, `sop`) VALUES ('d67e9aa8-0ae4-36f0-80b7-23b3fca59cf6', 'cf15d8fa-ff08-346c-acce-d0a380e1c45d', '1991-08-08', '1987-09-01', '338');
INSERT INTO `datphong` (`maks`, `makhach`, `ngaynhan`, `ngaytra`, `sop`) VALUES ('d67e9aa8-0ae4-36f0-80b7-23b3fca59cf6', 'cf15d8fa-ff08-346c-acce-d0a380e1c45d', '1997-04-01', '1998-05-31', '456');
INSERT INTO `datphong` (`maks`, `makhach`, `ngaynhan`, `ngaytra`, `sop`) VALUES ('d67e9aa8-0ae4-36f0-80b7-23b3fca59cf6', 'cf15d8fa-ff08-346c-acce-d0a380e1c45d', '2001-08-18', '1994-01-18', '352');
INSERT INTO `datphong` (`maks`, `makhach`, `ngaynhan`, `ngaytra`, `sop`) VALUES ('d67e9aa8-0ae4-36f0-80b7-23b3fca59cf6', 'cf15d8fa-ff08-346c-acce-d0a380e1c45d', '2013-03-27', '2005-09-13', '389');
INSERT INTO `datphong` (`maks`, `makhach`, `ngaynhan`, `ngaytra`, `sop`) VALUES ('d67e9aa8-0ae4-36f0-80b7-23b3fca59cf6', 'cf15d8fa-ff08-346c-acce-d0a380e1c45d', '2014-10-02', '1993-12-04', '404');
INSERT INTO `datphong` (`maks`, `makhach`, `ngaynhan`, `ngaytra`, `sop`) VALUES ('d67e9aa8-0ae4-36f0-80b7-23b3fca59cf6', 'cf15d8fa-ff08-346c-acce-d0a380e1c45d', '2017-12-06', '1993-05-01', '328');
INSERT INTO `datphong` (`maks`, `makhach`, `ngaynhan`, `ngaytra`, `sop`) VALUES ('d67e9aa8-0ae4-36f0-80b7-23b3fca59cf6', 'cf15d8fa-ff08-346c-acce-d0a380e1c45d', '2018-09-20', '2007-05-11', '308');
INSERT INTO `datphong` (`maks`, `makhach`, `ngaynhan`, `ngaytra`, `sop`) VALUES ('d8e02a3e-12bc-3963-bb64-25160e9e701a', 'd9f87308-34cb-388e-8d86-9ae0a728f09d', '1974-01-27', '1997-05-21', '334');
INSERT INTO `datphong` (`maks`, `makhach`, `ngaynhan`, `ngaytra`, `sop`) VALUES ('d8e02a3e-12bc-3963-bb64-25160e9e701a', 'd9f87308-34cb-388e-8d86-9ae0a728f09d', '1978-04-19', '2004-03-09', '491');
INSERT INTO `datphong` (`maks`, `makhach`, `ngaynhan`, `ngaytra`, `sop`) VALUES ('d8e02a3e-12bc-3963-bb64-25160e9e701a', 'd9f87308-34cb-388e-8d86-9ae0a728f09d', '1978-09-28', '2014-02-25', '322');
INSERT INTO `datphong` (`maks`, `makhach`, `ngaynhan`, `ngaytra`, `sop`) VALUES ('d8e02a3e-12bc-3963-bb64-25160e9e701a', 'd9f87308-34cb-388e-8d86-9ae0a728f09d', '1978-11-06', '2011-06-01', '431');
INSERT INTO `datphong` (`maks`, `makhach`, `ngaynhan`, `ngaytra`, `sop`) VALUES ('d8e02a3e-12bc-3963-bb64-25160e9e701a', 'd9f87308-34cb-388e-8d86-9ae0a728f09d', '1982-08-30', '1972-07-17', '317');
INSERT INTO `datphong` (`maks`, `makhach`, `ngaynhan`, `ngaytra`, `sop`) VALUES ('d8e02a3e-12bc-3963-bb64-25160e9e701a', 'd9f87308-34cb-388e-8d86-9ae0a728f09d', '1988-08-12', '1979-02-27', '397');
INSERT INTO `datphong` (`maks`, `makhach`, `ngaynhan`, `ngaytra`, `sop`) VALUES ('d8e02a3e-12bc-3963-bb64-25160e9e701a', 'd9f87308-34cb-388e-8d86-9ae0a728f09d', '1996-10-15', '2001-06-13', '478');
INSERT INTO `datphong` (`maks`, `makhach`, `ngaynhan`, `ngaytra`, `sop`) VALUES ('d8e02a3e-12bc-3963-bb64-25160e9e701a', 'd9f87308-34cb-388e-8d86-9ae0a728f09d', '1999-12-27', '1993-08-21', '345');
INSERT INTO `datphong` (`maks`, `makhach`, `ngaynhan`, `ngaytra`, `sop`) VALUES ('d8e02a3e-12bc-3963-bb64-25160e9e701a', 'd9f87308-34cb-388e-8d86-9ae0a728f09d', '2006-06-21', '2011-12-17', '311');
INSERT INTO `datphong` (`maks`, `makhach`, `ngaynhan`, `ngaytra`, `sop`) VALUES ('d8e02a3e-12bc-3963-bb64-25160e9e701a', 'd9f87308-34cb-388e-8d86-9ae0a728f09d', '2007-08-17', '2013-10-03', '350');
INSERT INTO `datphong` (`maks`, `makhach`, `ngaynhan`, `ngaytra`, `sop`) VALUES ('d934a83b-040a-3fa3-9f83-464d0ae925f3', 'daeaab9a-cc3c-314d-a0ac-66c4575f7137', '1984-11-03', '1980-10-05', '437');
INSERT INTO `datphong` (`maks`, `makhach`, `ngaynhan`, `ngaytra`, `sop`) VALUES ('d934a83b-040a-3fa3-9f83-464d0ae925f3', 'daeaab9a-cc3c-314d-a0ac-66c4575f7137', '1993-01-16', '1970-08-10', '466');
INSERT INTO `datphong` (`maks`, `makhach`, `ngaynhan`, `ngaytra`, `sop`) VALUES ('d934a83b-040a-3fa3-9f83-464d0ae925f3', 'daeaab9a-cc3c-314d-a0ac-66c4575f7137', '1993-12-23', '1976-06-26', '470');
INSERT INTO `datphong` (`maks`, `makhach`, `ngaynhan`, `ngaytra`, `sop`) VALUES ('d934a83b-040a-3fa3-9f83-464d0ae925f3', 'daeaab9a-cc3c-314d-a0ac-66c4575f7137', '1995-05-10', '1973-06-26', '454');
INSERT INTO `datphong` (`maks`, `makhach`, `ngaynhan`, `ngaytra`, `sop`) VALUES ('d934a83b-040a-3fa3-9f83-464d0ae925f3', 'daeaab9a-cc3c-314d-a0ac-66c4575f7137', '1996-11-29', '1992-06-29', '428');
INSERT INTO `datphong` (`maks`, `makhach`, `ngaynhan`, `ngaytra`, `sop`) VALUES ('d934a83b-040a-3fa3-9f83-464d0ae925f3', 'daeaab9a-cc3c-314d-a0ac-66c4575f7137', '1998-08-04', '1973-12-05', '456');
INSERT INTO `datphong` (`maks`, `makhach`, `ngaynhan`, `ngaytra`, `sop`) VALUES ('d934a83b-040a-3fa3-9f83-464d0ae925f3', 'daeaab9a-cc3c-314d-a0ac-66c4575f7137', '1998-08-30', '1975-10-03', '438');
INSERT INTO `datphong` (`maks`, `makhach`, `ngaynhan`, `ngaytra`, `sop`) VALUES ('d934a83b-040a-3fa3-9f83-464d0ae925f3', 'daeaab9a-cc3c-314d-a0ac-66c4575f7137', '2004-01-17', '1989-06-15', '444');
INSERT INTO `datphong` (`maks`, `makhach`, `ngaynhan`, `ngaytra`, `sop`) VALUES ('d934a83b-040a-3fa3-9f83-464d0ae925f3', 'daeaab9a-cc3c-314d-a0ac-66c4575f7137', '2013-09-11', '1974-05-08', '415');
INSERT INTO `datphong` (`maks`, `makhach`, `ngaynhan`, `ngaytra`, `sop`) VALUES ('d934a83b-040a-3fa3-9f83-464d0ae925f3', 'daeaab9a-cc3c-314d-a0ac-66c4575f7137', '2017-03-20', '2009-07-12', '347');
INSERT INTO `datphong` (`maks`, `makhach`, `ngaynhan`, `ngaytra`, `sop`) VALUES ('d992d7b8-78e1-38ae-ad64-b45bc5dedb95', 'dc56094d-452e-36c4-b3ec-80d2415c6618', '1974-12-29', '2003-11-25', '308');
INSERT INTO `datphong` (`maks`, `makhach`, `ngaynhan`, `ngaytra`, `sop`) VALUES ('d992d7b8-78e1-38ae-ad64-b45bc5dedb95', 'dc56094d-452e-36c4-b3ec-80d2415c6618', '1975-09-23', '1985-07-05', '481');
INSERT INTO `datphong` (`maks`, `makhach`, `ngaynhan`, `ngaytra`, `sop`) VALUES ('d992d7b8-78e1-38ae-ad64-b45bc5dedb95', 'dc56094d-452e-36c4-b3ec-80d2415c6618', '1984-04-19', '1999-10-24', '428');
INSERT INTO `datphong` (`maks`, `makhach`, `ngaynhan`, `ngaytra`, `sop`) VALUES ('d992d7b8-78e1-38ae-ad64-b45bc5dedb95', 'dc56094d-452e-36c4-b3ec-80d2415c6618', '1996-12-30', '2013-02-15', '327');
INSERT INTO `datphong` (`maks`, `makhach`, `ngaynhan`, `ngaytra`, `sop`) VALUES ('d992d7b8-78e1-38ae-ad64-b45bc5dedb95', 'dc56094d-452e-36c4-b3ec-80d2415c6618', '1997-01-20', '2019-11-18', '434');
INSERT INTO `datphong` (`maks`, `makhach`, `ngaynhan`, `ngaytra`, `sop`) VALUES ('d992d7b8-78e1-38ae-ad64-b45bc5dedb95', 'dc56094d-452e-36c4-b3ec-80d2415c6618', '2000-06-09', '2019-06-30', '362');
INSERT INTO `datphong` (`maks`, `makhach`, `ngaynhan`, `ngaytra`, `sop`) VALUES ('d992d7b8-78e1-38ae-ad64-b45bc5dedb95', 'dc56094d-452e-36c4-b3ec-80d2415c6618', '2003-02-26', '1991-06-12', '335');
INSERT INTO `datphong` (`maks`, `makhach`, `ngaynhan`, `ngaytra`, `sop`) VALUES ('d992d7b8-78e1-38ae-ad64-b45bc5dedb95', 'dc56094d-452e-36c4-b3ec-80d2415c6618', '2004-05-06', '1976-02-21', '412');
INSERT INTO `datphong` (`maks`, `makhach`, `ngaynhan`, `ngaytra`, `sop`) VALUES ('d992d7b8-78e1-38ae-ad64-b45bc5dedb95', 'dc56094d-452e-36c4-b3ec-80d2415c6618', '2004-12-08', '2002-07-24', '494');
INSERT INTO `datphong` (`maks`, `makhach`, `ngaynhan`, `ngaytra`, `sop`) VALUES ('d992d7b8-78e1-38ae-ad64-b45bc5dedb95', 'dc56094d-452e-36c4-b3ec-80d2415c6618', '2019-03-10', '1985-03-29', '372');
INSERT INTO `datphong` (`maks`, `makhach`, `ngaynhan`, `ngaytra`, `sop`) VALUES ('daded5bb-699f-3114-90a0-4874690d6209', 'dcecebc6-85dd-3fc7-b462-61edc5beca23', '1975-06-22', '2009-08-05', '492');
INSERT INTO `datphong` (`maks`, `makhach`, `ngaynhan`, `ngaytra`, `sop`) VALUES ('daded5bb-699f-3114-90a0-4874690d6209', 'dcecebc6-85dd-3fc7-b462-61edc5beca23', '1981-01-26', '1991-05-29', '323');
INSERT INTO `datphong` (`maks`, `makhach`, `ngaynhan`, `ngaytra`, `sop`) VALUES ('daded5bb-699f-3114-90a0-4874690d6209', 'dcecebc6-85dd-3fc7-b462-61edc5beca23', '1984-05-08', '1991-07-28', '430');
INSERT INTO `datphong` (`maks`, `makhach`, `ngaynhan`, `ngaytra`, `sop`) VALUES ('daded5bb-699f-3114-90a0-4874690d6209', 'dcecebc6-85dd-3fc7-b462-61edc5beca23', '1991-12-30', '1979-05-24', '397');
INSERT INTO `datphong` (`maks`, `makhach`, `ngaynhan`, `ngaytra`, `sop`) VALUES ('daded5bb-699f-3114-90a0-4874690d6209', 'dcecebc6-85dd-3fc7-b462-61edc5beca23', '1997-09-20', '1993-03-14', '392');
INSERT INTO `datphong` (`maks`, `makhach`, `ngaynhan`, `ngaytra`, `sop`) VALUES ('daded5bb-699f-3114-90a0-4874690d6209', 'dcecebc6-85dd-3fc7-b462-61edc5beca23', '1999-02-11', '1996-04-29', '478');
INSERT INTO `datphong` (`maks`, `makhach`, `ngaynhan`, `ngaytra`, `sop`) VALUES ('daded5bb-699f-3114-90a0-4874690d6209', 'dcecebc6-85dd-3fc7-b462-61edc5beca23', '2002-01-16', '2019-04-28', '422');
INSERT INTO `datphong` (`maks`, `makhach`, `ngaynhan`, `ngaytra`, `sop`) VALUES ('daded5bb-699f-3114-90a0-4874690d6209', 'dcecebc6-85dd-3fc7-b462-61edc5beca23', '2007-02-23', '2016-04-10', '387');
INSERT INTO `datphong` (`maks`, `makhach`, `ngaynhan`, `ngaytra`, `sop`) VALUES ('daded5bb-699f-3114-90a0-4874690d6209', 'dcecebc6-85dd-3fc7-b462-61edc5beca23', '2009-08-04', '2007-12-01', '417');
INSERT INTO `datphong` (`maks`, `makhach`, `ngaynhan`, `ngaytra`, `sop`) VALUES ('daded5bb-699f-3114-90a0-4874690d6209', 'dcecebc6-85dd-3fc7-b462-61edc5beca23', '2013-03-04', '1985-11-12', '373');
INSERT INTO `datphong` (`maks`, `makhach`, `ngaynhan`, `ngaytra`, `sop`) VALUES ('db4da228-7796-3634-92ba-4b2dd7897542', 'dd878ad7-6776-3129-bece-66c3730baf5a', '1970-07-11', '1972-02-22', '496');
INSERT INTO `datphong` (`maks`, `makhach`, `ngaynhan`, `ngaytra`, `sop`) VALUES ('db4da228-7796-3634-92ba-4b2dd7897542', 'dd878ad7-6776-3129-bece-66c3730baf5a', '1973-09-07', '2001-07-12', '327');
INSERT INTO `datphong` (`maks`, `makhach`, `ngaynhan`, `ngaytra`, `sop`) VALUES ('db4da228-7796-3634-92ba-4b2dd7897542', 'dd878ad7-6776-3129-bece-66c3730baf5a', '1980-04-18', '2013-01-26', '346');
INSERT INTO `datphong` (`maks`, `makhach`, `ngaynhan`, `ngaytra`, `sop`) VALUES ('db4da228-7796-3634-92ba-4b2dd7897542', 'dd878ad7-6776-3129-bece-66c3730baf5a', '1980-09-29', '2003-07-29', '447');
INSERT INTO `datphong` (`maks`, `makhach`, `ngaynhan`, `ngaytra`, `sop`) VALUES ('db4da228-7796-3634-92ba-4b2dd7897542', 'dd878ad7-6776-3129-bece-66c3730baf5a', '1981-07-06', '1976-12-10', '438');
INSERT INTO `datphong` (`maks`, `makhach`, `ngaynhan`, `ngaytra`, `sop`) VALUES ('db4da228-7796-3634-92ba-4b2dd7897542', 'dd878ad7-6776-3129-bece-66c3730baf5a', '1985-07-30', '1974-06-19', '422');
INSERT INTO `datphong` (`maks`, `makhach`, `ngaynhan`, `ngaytra`, `sop`) VALUES ('db4da228-7796-3634-92ba-4b2dd7897542', 'dd878ad7-6776-3129-bece-66c3730baf5a', '2006-05-24', '2004-09-20', '488');
INSERT INTO `datphong` (`maks`, `makhach`, `ngaynhan`, `ngaytra`, `sop`) VALUES ('db4da228-7796-3634-92ba-4b2dd7897542', 'dd878ad7-6776-3129-bece-66c3730baf5a', '2006-07-28', '2016-01-26', '425');
INSERT INTO `datphong` (`maks`, `makhach`, `ngaynhan`, `ngaytra`, `sop`) VALUES ('db4da228-7796-3634-92ba-4b2dd7897542', 'dd878ad7-6776-3129-bece-66c3730baf5a', '2013-12-10', '2003-07-05', '397');
INSERT INTO `datphong` (`maks`, `makhach`, `ngaynhan`, `ngaytra`, `sop`) VALUES ('db4da228-7796-3634-92ba-4b2dd7897542', 'dd878ad7-6776-3129-bece-66c3730baf5a', '2020-01-31', '2005-04-25', '411');
INSERT INTO `datphong` (`maks`, `makhach`, `ngaynhan`, `ngaytra`, `sop`) VALUES ('e6199a55-c0c6-3ff8-abb2-773f4a3b53c7', 'e19b3e75-9ea6-34ea-8a61-c46bfa034807', '1979-01-05', '2014-01-01', '308');
INSERT INTO `datphong` (`maks`, `makhach`, `ngaynhan`, `ngaytra`, `sop`) VALUES ('e6199a55-c0c6-3ff8-abb2-773f4a3b53c7', 'e19b3e75-9ea6-34ea-8a61-c46bfa034807', '1983-11-01', '1970-02-16', '340');
INSERT INTO `datphong` (`maks`, `makhach`, `ngaynhan`, `ngaytra`, `sop`) VALUES ('e6199a55-c0c6-3ff8-abb2-773f4a3b53c7', 'e19b3e75-9ea6-34ea-8a61-c46bfa034807', '1983-11-17', '2013-07-03', '447');
INSERT INTO `datphong` (`maks`, `makhach`, `ngaynhan`, `ngaytra`, `sop`) VALUES ('e6199a55-c0c6-3ff8-abb2-773f4a3b53c7', 'e19b3e75-9ea6-34ea-8a61-c46bfa034807', '1988-02-13', '2014-12-29', '443');
INSERT INTO `datphong` (`maks`, `makhach`, `ngaynhan`, `ngaytra`, `sop`) VALUES ('e6199a55-c0c6-3ff8-abb2-773f4a3b53c7', 'e19b3e75-9ea6-34ea-8a61-c46bfa034807', '1990-06-01', '1996-10-08', '486');
INSERT INTO `datphong` (`maks`, `makhach`, `ngaynhan`, `ngaytra`, `sop`) VALUES ('e6199a55-c0c6-3ff8-abb2-773f4a3b53c7', 'e19b3e75-9ea6-34ea-8a61-c46bfa034807', '1998-02-07', '1991-05-09', '495');
INSERT INTO `datphong` (`maks`, `makhach`, `ngaynhan`, `ngaytra`, `sop`) VALUES ('e6199a55-c0c6-3ff8-abb2-773f4a3b53c7', 'e19b3e75-9ea6-34ea-8a61-c46bfa034807', '2007-07-28', '2006-08-19', '342');
INSERT INTO `datphong` (`maks`, `makhach`, `ngaynhan`, `ngaytra`, `sop`) VALUES ('e6199a55-c0c6-3ff8-abb2-773f4a3b53c7', 'e19b3e75-9ea6-34ea-8a61-c46bfa034807', '2008-01-29', '2015-02-26', '481');
INSERT INTO `datphong` (`maks`, `makhach`, `ngaynhan`, `ngaytra`, `sop`) VALUES ('e6199a55-c0c6-3ff8-abb2-773f4a3b53c7', 'e19b3e75-9ea6-34ea-8a61-c46bfa034807', '2014-06-20', '1972-05-02', '422');
INSERT INTO `datphong` (`maks`, `makhach`, `ngaynhan`, `ngaytra`, `sop`) VALUES ('e6199a55-c0c6-3ff8-abb2-773f4a3b53c7', 'e19b3e75-9ea6-34ea-8a61-c46bfa034807', '2014-08-06', '2008-12-17', '416');
INSERT INTO `datphong` (`maks`, `makhach`, `ngaynhan`, `ngaytra`, `sop`) VALUES ('e7a5da4a-9103-3ff1-b641-5dba9be36b0e', 'e53c5108-7eab-3f26-b79a-36515755def8', '1970-09-02', '1983-12-06', '388');
INSERT INTO `datphong` (`maks`, `makhach`, `ngaynhan`, `ngaytra`, `sop`) VALUES ('e7a5da4a-9103-3ff1-b641-5dba9be36b0e', 'e53c5108-7eab-3f26-b79a-36515755def8', '1976-01-29', '1984-11-27', '341');
INSERT INTO `datphong` (`maks`, `makhach`, `ngaynhan`, `ngaytra`, `sop`) VALUES ('e7a5da4a-9103-3ff1-b641-5dba9be36b0e', 'e53c5108-7eab-3f26-b79a-36515755def8', '1986-05-30', '2006-10-26', '360');
INSERT INTO `datphong` (`maks`, `makhach`, `ngaynhan`, `ngaytra`, `sop`) VALUES ('e7a5da4a-9103-3ff1-b641-5dba9be36b0e', 'e53c5108-7eab-3f26-b79a-36515755def8', '2001-11-13', '2017-05-24', '300');
INSERT INTO `datphong` (`maks`, `makhach`, `ngaynhan`, `ngaytra`, `sop`) VALUES ('e7a5da4a-9103-3ff1-b641-5dba9be36b0e', 'e53c5108-7eab-3f26-b79a-36515755def8', '2003-12-21', '2020-02-01', '370');
INSERT INTO `datphong` (`maks`, `makhach`, `ngaynhan`, `ngaytra`, `sop`) VALUES ('e7a5da4a-9103-3ff1-b641-5dba9be36b0e', 'e53c5108-7eab-3f26-b79a-36515755def8', '2009-02-08', '1975-02-23', '347');
INSERT INTO `datphong` (`maks`, `makhach`, `ngaynhan`, `ngaytra`, `sop`) VALUES ('e7a5da4a-9103-3ff1-b641-5dba9be36b0e', 'e53c5108-7eab-3f26-b79a-36515755def8', '2011-10-11', '1974-07-05', '409');
INSERT INTO `datphong` (`maks`, `makhach`, `ngaynhan`, `ngaytra`, `sop`) VALUES ('e7a5da4a-9103-3ff1-b641-5dba9be36b0e', 'e53c5108-7eab-3f26-b79a-36515755def8', '2016-05-18', '1971-10-17', '499');
INSERT INTO `datphong` (`maks`, `makhach`, `ngaynhan`, `ngaytra`, `sop`) VALUES ('e7a5da4a-9103-3ff1-b641-5dba9be36b0e', 'e53c5108-7eab-3f26-b79a-36515755def8', '2017-02-17', '1987-10-25', '313');
INSERT INTO `datphong` (`maks`, `makhach`, `ngaynhan`, `ngaytra`, `sop`) VALUES ('e7a5da4a-9103-3ff1-b641-5dba9be36b0e', 'e53c5108-7eab-3f26-b79a-36515755def8', '2018-08-18', '1980-09-20', '459');
INSERT INTO `datphong` (`maks`, `makhach`, `ngaynhan`, `ngaytra`, `sop`) VALUES ('e7cc7ae3-7fca-3baa-a333-4211f1db14b4', 'e7769ed3-3ad9-31d2-a2a4-e298b6503e5b', '1974-07-18', '1973-06-03', '353');
INSERT INTO `datphong` (`maks`, `makhach`, `ngaynhan`, `ngaytra`, `sop`) VALUES ('e7cc7ae3-7fca-3baa-a333-4211f1db14b4', 'e7769ed3-3ad9-31d2-a2a4-e298b6503e5b', '1975-02-01', '1970-06-22', '310');
INSERT INTO `datphong` (`maks`, `makhach`, `ngaynhan`, `ngaytra`, `sop`) VALUES ('e7cc7ae3-7fca-3baa-a333-4211f1db14b4', 'e7769ed3-3ad9-31d2-a2a4-e298b6503e5b', '1985-10-05', '2016-07-01', '424');
INSERT INTO `datphong` (`maks`, `makhach`, `ngaynhan`, `ngaytra`, `sop`) VALUES ('e7cc7ae3-7fca-3baa-a333-4211f1db14b4', 'e7769ed3-3ad9-31d2-a2a4-e298b6503e5b', '1998-06-30', '2019-11-06', '332');
INSERT INTO `datphong` (`maks`, `makhach`, `ngaynhan`, `ngaytra`, `sop`) VALUES ('e7cc7ae3-7fca-3baa-a333-4211f1db14b4', 'e7769ed3-3ad9-31d2-a2a4-e298b6503e5b', '2002-02-17', '2000-12-17', '331');
INSERT INTO `datphong` (`maks`, `makhach`, `ngaynhan`, `ngaytra`, `sop`) VALUES ('e7cc7ae3-7fca-3baa-a333-4211f1db14b4', 'e7769ed3-3ad9-31d2-a2a4-e298b6503e5b', '2004-03-26', '1982-02-21', '411');
INSERT INTO `datphong` (`maks`, `makhach`, `ngaynhan`, `ngaytra`, `sop`) VALUES ('e7cc7ae3-7fca-3baa-a333-4211f1db14b4', 'e7769ed3-3ad9-31d2-a2a4-e298b6503e5b', '2005-07-07', '2002-06-03', '423');
INSERT INTO `datphong` (`maks`, `makhach`, `ngaynhan`, `ngaytra`, `sop`) VALUES ('e7cc7ae3-7fca-3baa-a333-4211f1db14b4', 'e7769ed3-3ad9-31d2-a2a4-e298b6503e5b', '2007-12-28', '1989-03-20', '360');
INSERT INTO `datphong` (`maks`, `makhach`, `ngaynhan`, `ngaytra`, `sop`) VALUES ('e7cc7ae3-7fca-3baa-a333-4211f1db14b4', 'e7769ed3-3ad9-31d2-a2a4-e298b6503e5b', '2013-10-17', '2008-08-06', '322');
INSERT INTO `datphong` (`maks`, `makhach`, `ngaynhan`, `ngaytra`, `sop`) VALUES ('e7cc7ae3-7fca-3baa-a333-4211f1db14b4', 'e7769ed3-3ad9-31d2-a2a4-e298b6503e5b', '2018-02-25', '1976-05-06', '428');
INSERT INTO `datphong` (`maks`, `makhach`, `ngaynhan`, `ngaytra`, `sop`) VALUES ('ed8251f0-a542-32b9-96e2-b766bb93e1de', 'ec97c7f7-3d4e-3758-8103-e704541057d2', '1978-07-27', '1983-09-08', '463');
INSERT INTO `datphong` (`maks`, `makhach`, `ngaynhan`, `ngaytra`, `sop`) VALUES ('ed8251f0-a542-32b9-96e2-b766bb93e1de', 'ec97c7f7-3d4e-3758-8103-e704541057d2', '1984-10-17', '1987-06-23', '344');
INSERT INTO `datphong` (`maks`, `makhach`, `ngaynhan`, `ngaytra`, `sop`) VALUES ('ed8251f0-a542-32b9-96e2-b766bb93e1de', 'ec97c7f7-3d4e-3758-8103-e704541057d2', '1985-01-13', '1979-09-27', '308');
INSERT INTO `datphong` (`maks`, `makhach`, `ngaynhan`, `ngaytra`, `sop`) VALUES ('ed8251f0-a542-32b9-96e2-b766bb93e1de', 'ec97c7f7-3d4e-3758-8103-e704541057d2', '1985-03-27', '2002-08-07', '382');
INSERT INTO `datphong` (`maks`, `makhach`, `ngaynhan`, `ngaytra`, `sop`) VALUES ('ed8251f0-a542-32b9-96e2-b766bb93e1de', 'ec97c7f7-3d4e-3758-8103-e704541057d2', '1991-10-26', '1990-04-09', '484');
INSERT INTO `datphong` (`maks`, `makhach`, `ngaynhan`, `ngaytra`, `sop`) VALUES ('ed8251f0-a542-32b9-96e2-b766bb93e1de', 'ec97c7f7-3d4e-3758-8103-e704541057d2', '1994-07-15', '1975-11-26', '400');
INSERT INTO `datphong` (`maks`, `makhach`, `ngaynhan`, `ngaytra`, `sop`) VALUES ('ed8251f0-a542-32b9-96e2-b766bb93e1de', 'ec97c7f7-3d4e-3758-8103-e704541057d2', '2000-09-18', '1971-11-07', '399');
INSERT INTO `datphong` (`maks`, `makhach`, `ngaynhan`, `ngaytra`, `sop`) VALUES ('ed8251f0-a542-32b9-96e2-b766bb93e1de', 'ec97c7f7-3d4e-3758-8103-e704541057d2', '2003-06-12', '2012-05-23', '417');
INSERT INTO `datphong` (`maks`, `makhach`, `ngaynhan`, `ngaytra`, `sop`) VALUES ('ed8251f0-a542-32b9-96e2-b766bb93e1de', 'ec97c7f7-3d4e-3758-8103-e704541057d2', '2013-03-20', '2000-03-19', '442');
INSERT INTO `datphong` (`maks`, `makhach`, `ngaynhan`, `ngaytra`, `sop`) VALUES ('ed8251f0-a542-32b9-96e2-b766bb93e1de', 'ec97c7f7-3d4e-3758-8103-e704541057d2', '2019-01-23', '2001-07-11', '430');
INSERT INTO `datphong` (`maks`, `makhach`, `ngaynhan`, `ngaytra`, `sop`) VALUES ('ee059902-1b48-344a-855a-54bb3418577a', 'f25a162a-b489-32ff-bc22-450002b9a40e', '1977-01-31', '2002-04-15', '463');
INSERT INTO `datphong` (`maks`, `makhach`, `ngaynhan`, `ngaytra`, `sop`) VALUES ('ee059902-1b48-344a-855a-54bb3418577a', 'f25a162a-b489-32ff-bc22-450002b9a40e', '1978-08-23', '1987-12-06', '406');
INSERT INTO `datphong` (`maks`, `makhach`, `ngaynhan`, `ngaytra`, `sop`) VALUES ('ee059902-1b48-344a-855a-54bb3418577a', 'f25a162a-b489-32ff-bc22-450002b9a40e', '1999-09-27', '2002-08-10', '459');
INSERT INTO `datphong` (`maks`, `makhach`, `ngaynhan`, `ngaytra`, `sop`) VALUES ('ee059902-1b48-344a-855a-54bb3418577a', 'f25a162a-b489-32ff-bc22-450002b9a40e', '2001-04-27', '1989-03-18', '366');
INSERT INTO `datphong` (`maks`, `makhach`, `ngaynhan`, `ngaytra`, `sop`) VALUES ('ee059902-1b48-344a-855a-54bb3418577a', 'f25a162a-b489-32ff-bc22-450002b9a40e', '2002-01-02', '1991-04-25', '414');
INSERT INTO `datphong` (`maks`, `makhach`, `ngaynhan`, `ngaytra`, `sop`) VALUES ('ee059902-1b48-344a-855a-54bb3418577a', 'f25a162a-b489-32ff-bc22-450002b9a40e', '2011-07-19', '1994-04-01', '307');
INSERT INTO `datphong` (`maks`, `makhach`, `ngaynhan`, `ngaytra`, `sop`) VALUES ('ee059902-1b48-344a-855a-54bb3418577a', 'f25a162a-b489-32ff-bc22-450002b9a40e', '2011-12-07', '1976-10-15', '355');
INSERT INTO `datphong` (`maks`, `makhach`, `ngaynhan`, `ngaytra`, `sop`) VALUES ('ee059902-1b48-344a-855a-54bb3418577a', 'f25a162a-b489-32ff-bc22-450002b9a40e', '2012-02-22', '2017-12-13', '441');
INSERT INTO `datphong` (`maks`, `makhach`, `ngaynhan`, `ngaytra`, `sop`) VALUES ('ee059902-1b48-344a-855a-54bb3418577a', 'f25a162a-b489-32ff-bc22-450002b9a40e', '2012-08-31', '1973-03-27', '418');
INSERT INTO `datphong` (`maks`, `makhach`, `ngaynhan`, `ngaytra`, `sop`) VALUES ('ee059902-1b48-344a-855a-54bb3418577a', 'f25a162a-b489-32ff-bc22-450002b9a40e', '2016-10-10', '1985-07-26', '366');
INSERT INTO `datphong` (`maks`, `makhach`, `ngaynhan`, `ngaytra`, `sop`) VALUES ('ef13744e-cb66-32cd-81e2-b9fa8e701f01', 'f2c15b8a-9665-3618-9cfe-ddd141e0fd73', '1977-03-18', '1992-04-22', '402');
INSERT INTO `datphong` (`maks`, `makhach`, `ngaynhan`, `ngaytra`, `sop`) VALUES ('ef13744e-cb66-32cd-81e2-b9fa8e701f01', 'f2c15b8a-9665-3618-9cfe-ddd141e0fd73', '1979-12-29', '1991-05-27', '365');
INSERT INTO `datphong` (`maks`, `makhach`, `ngaynhan`, `ngaytra`, `sop`) VALUES ('ef13744e-cb66-32cd-81e2-b9fa8e701f01', 'f2c15b8a-9665-3618-9cfe-ddd141e0fd73', '1981-04-10', '1975-10-16', '358');
INSERT INTO `datphong` (`maks`, `makhach`, `ngaynhan`, `ngaytra`, `sop`) VALUES ('ef13744e-cb66-32cd-81e2-b9fa8e701f01', 'f2c15b8a-9665-3618-9cfe-ddd141e0fd73', '1984-01-05', '2014-10-22', '458');
INSERT INTO `datphong` (`maks`, `makhach`, `ngaynhan`, `ngaytra`, `sop`) VALUES ('ef13744e-cb66-32cd-81e2-b9fa8e701f01', 'f2c15b8a-9665-3618-9cfe-ddd141e0fd73', '1986-05-08', '1991-08-20', '381');
INSERT INTO `datphong` (`maks`, `makhach`, `ngaynhan`, `ngaytra`, `sop`) VALUES ('ef13744e-cb66-32cd-81e2-b9fa8e701f01', 'f2c15b8a-9665-3618-9cfe-ddd141e0fd73', '1990-05-14', '2009-10-30', '481');
INSERT INTO `datphong` (`maks`, `makhach`, `ngaynhan`, `ngaytra`, `sop`) VALUES ('ef13744e-cb66-32cd-81e2-b9fa8e701f01', 'f2c15b8a-9665-3618-9cfe-ddd141e0fd73', '2003-09-18', '1996-04-05', '468');
INSERT INTO `datphong` (`maks`, `makhach`, `ngaynhan`, `ngaytra`, `sop`) VALUES ('ef13744e-cb66-32cd-81e2-b9fa8e701f01', 'f2c15b8a-9665-3618-9cfe-ddd141e0fd73', '2005-07-09', '2007-11-12', '326');
INSERT INTO `datphong` (`maks`, `makhach`, `ngaynhan`, `ngaytra`, `sop`) VALUES ('ef13744e-cb66-32cd-81e2-b9fa8e701f01', 'f2c15b8a-9665-3618-9cfe-ddd141e0fd73', '2008-02-19', '1992-10-03', '368');
INSERT INTO `datphong` (`maks`, `makhach`, `ngaynhan`, `ngaytra`, `sop`) VALUES ('ef13744e-cb66-32cd-81e2-b9fa8e701f01', 'f2c15b8a-9665-3618-9cfe-ddd141e0fd73', '2019-12-30', '1996-10-25', '440');
INSERT INTO `datphong` (`maks`, `makhach`, `ngaynhan`, `ngaytra`, `sop`) VALUES ('ef93464e-2575-3bd5-83d1-7d5691e576cd', 'f9a4bd5e-2877-340b-b543-c478153eaddd', '1970-09-13', '2000-08-10', '485');
INSERT INTO `datphong` (`maks`, `makhach`, `ngaynhan`, `ngaytra`, `sop`) VALUES ('ef93464e-2575-3bd5-83d1-7d5691e576cd', 'f9a4bd5e-2877-340b-b543-c478153eaddd', '1975-02-08', '1993-12-15', '320');
INSERT INTO `datphong` (`maks`, `makhach`, `ngaynhan`, `ngaytra`, `sop`) VALUES ('ef93464e-2575-3bd5-83d1-7d5691e576cd', 'f9a4bd5e-2877-340b-b543-c478153eaddd', '1987-03-07', '2009-10-31', '390');
INSERT INTO `datphong` (`maks`, `makhach`, `ngaynhan`, `ngaytra`, `sop`) VALUES ('ef93464e-2575-3bd5-83d1-7d5691e576cd', 'f9a4bd5e-2877-340b-b543-c478153eaddd', '1992-01-03', '1994-01-03', '443');
INSERT INTO `datphong` (`maks`, `makhach`, `ngaynhan`, `ngaytra`, `sop`) VALUES ('ef93464e-2575-3bd5-83d1-7d5691e576cd', 'f9a4bd5e-2877-340b-b543-c478153eaddd', '1994-05-06', '1970-09-08', '303');
INSERT INTO `datphong` (`maks`, `makhach`, `ngaynhan`, `ngaytra`, `sop`) VALUES ('ef93464e-2575-3bd5-83d1-7d5691e576cd', 'f9a4bd5e-2877-340b-b543-c478153eaddd', '2006-03-16', '1994-10-16', '339');
INSERT INTO `datphong` (`maks`, `makhach`, `ngaynhan`, `ngaytra`, `sop`) VALUES ('ef93464e-2575-3bd5-83d1-7d5691e576cd', 'f9a4bd5e-2877-340b-b543-c478153eaddd', '2006-11-01', '1999-09-16', '347');
INSERT INTO `datphong` (`maks`, `makhach`, `ngaynhan`, `ngaytra`, `sop`) VALUES ('ef93464e-2575-3bd5-83d1-7d5691e576cd', 'f9a4bd5e-2877-340b-b543-c478153eaddd', '2010-09-01', '1994-10-13', '444');
INSERT INTO `datphong` (`maks`, `makhach`, `ngaynhan`, `ngaytra`, `sop`) VALUES ('ef93464e-2575-3bd5-83d1-7d5691e576cd', 'f9a4bd5e-2877-340b-b543-c478153eaddd', '2017-12-01', '1985-10-24', '354');
INSERT INTO `datphong` (`maks`, `makhach`, `ngaynhan`, `ngaytra`, `sop`) VALUES ('ef93464e-2575-3bd5-83d1-7d5691e576cd', 'f9a4bd5e-2877-340b-b543-c478153eaddd', '2019-05-24', '2013-02-20', '473');
INSERT INTO `datphong` (`maks`, `makhach`, `ngaynhan`, `ngaytra`, `sop`) VALUES ('f4ac7eab-cd30-321b-96cb-2d35e11dcac8', 'f9a4f7da-1987-30b2-8d5d-a1b83b38dba2', '1971-11-18', '1988-01-23', '338');
INSERT INTO `datphong` (`maks`, `makhach`, `ngaynhan`, `ngaytra`, `sop`) VALUES ('f4ac7eab-cd30-321b-96cb-2d35e11dcac8', 'f9a4f7da-1987-30b2-8d5d-a1b83b38dba2', '1974-04-30', '1986-04-23', '400');
INSERT INTO `datphong` (`maks`, `makhach`, `ngaynhan`, `ngaytra`, `sop`) VALUES ('f4ac7eab-cd30-321b-96cb-2d35e11dcac8', 'f9a4f7da-1987-30b2-8d5d-a1b83b38dba2', '1976-04-05', '2014-07-16', '355');
INSERT INTO `datphong` (`maks`, `makhach`, `ngaynhan`, `ngaytra`, `sop`) VALUES ('f4ac7eab-cd30-321b-96cb-2d35e11dcac8', 'f9a4f7da-1987-30b2-8d5d-a1b83b38dba2', '1980-03-09', '1981-05-10', '340');
INSERT INTO `datphong` (`maks`, `makhach`, `ngaynhan`, `ngaytra`, `sop`) VALUES ('f4ac7eab-cd30-321b-96cb-2d35e11dcac8', 'f9a4f7da-1987-30b2-8d5d-a1b83b38dba2', '1981-04-03', '1978-04-01', '359');
INSERT INTO `datphong` (`maks`, `makhach`, `ngaynhan`, `ngaytra`, `sop`) VALUES ('f4ac7eab-cd30-321b-96cb-2d35e11dcac8', 'f9a4f7da-1987-30b2-8d5d-a1b83b38dba2', '1981-10-14', '1971-06-01', '433');
INSERT INTO `datphong` (`maks`, `makhach`, `ngaynhan`, `ngaytra`, `sop`) VALUES ('f4ac7eab-cd30-321b-96cb-2d35e11dcac8', 'f9a4f7da-1987-30b2-8d5d-a1b83b38dba2', '1983-06-26', '1997-08-14', '390');
INSERT INTO `datphong` (`maks`, `makhach`, `ngaynhan`, `ngaytra`, `sop`) VALUES ('f4ac7eab-cd30-321b-96cb-2d35e11dcac8', 'f9a4f7da-1987-30b2-8d5d-a1b83b38dba2', '1993-06-26', '1996-06-23', '420');
INSERT INTO `datphong` (`maks`, `makhach`, `ngaynhan`, `ngaytra`, `sop`) VALUES ('f4ac7eab-cd30-321b-96cb-2d35e11dcac8', 'f9a4f7da-1987-30b2-8d5d-a1b83b38dba2', '1994-07-05', '1999-04-15', '485');
INSERT INTO `datphong` (`maks`, `makhach`, `ngaynhan`, `ngaytra`, `sop`) VALUES ('f4ac7eab-cd30-321b-96cb-2d35e11dcac8', 'f9a4f7da-1987-30b2-8d5d-a1b83b38dba2', '2004-12-27', '2011-02-12', '450');
INSERT INTO `datphong` (`maks`, `makhach`, `ngaynhan`, `ngaytra`, `sop`) VALUES ('fb935832-ba68-386c-ac45-9381baee3f14', 'fa7b7eed-060f-3484-abbe-41665252e544', '1972-07-02', '1999-04-13', '350');
INSERT INTO `datphong` (`maks`, `makhach`, `ngaynhan`, `ngaytra`, `sop`) VALUES ('fb935832-ba68-386c-ac45-9381baee3f14', 'fa7b7eed-060f-3484-abbe-41665252e544', '1978-11-29', '2017-04-14', '304');
INSERT INTO `datphong` (`maks`, `makhach`, `ngaynhan`, `ngaytra`, `sop`) VALUES ('fb935832-ba68-386c-ac45-9381baee3f14', 'fa7b7eed-060f-3484-abbe-41665252e544', '1992-11-10', '1972-03-12', '408');
INSERT INTO `datphong` (`maks`, `makhach`, `ngaynhan`, `ngaytra`, `sop`) VALUES ('fb935832-ba68-386c-ac45-9381baee3f14', 'fa7b7eed-060f-3484-abbe-41665252e544', '1994-11-11', '1971-03-30', '472');
INSERT INTO `datphong` (`maks`, `makhach`, `ngaynhan`, `ngaytra`, `sop`) VALUES ('fb935832-ba68-386c-ac45-9381baee3f14', 'fa7b7eed-060f-3484-abbe-41665252e544', '1995-01-08', '2019-08-07', '388');
INSERT INTO `datphong` (`maks`, `makhach`, `ngaynhan`, `ngaytra`, `sop`) VALUES ('fb935832-ba68-386c-ac45-9381baee3f14', 'fa7b7eed-060f-3484-abbe-41665252e544', '1998-06-14', '1991-07-23', '488');
INSERT INTO `datphong` (`maks`, `makhach`, `ngaynhan`, `ngaytra`, `sop`) VALUES ('fb935832-ba68-386c-ac45-9381baee3f14', 'fa7b7eed-060f-3484-abbe-41665252e544', '1999-01-15', '1993-08-29', '310');
INSERT INTO `datphong` (`maks`, `makhach`, `ngaynhan`, `ngaytra`, `sop`) VALUES ('fb935832-ba68-386c-ac45-9381baee3f14', 'fa7b7eed-060f-3484-abbe-41665252e544', '2000-12-04', '1996-01-29', '459');
INSERT INTO `datphong` (`maks`, `makhach`, `ngaynhan`, `ngaytra`, `sop`) VALUES ('fb935832-ba68-386c-ac45-9381baee3f14', 'fa7b7eed-060f-3484-abbe-41665252e544', '2006-03-12', '2011-01-07', '388');
INSERT INTO `datphong` (`maks`, `makhach`, `ngaynhan`, `ngaytra`, `sop`) VALUES ('fb935832-ba68-386c-ac45-9381baee3f14', 'fa7b7eed-060f-3484-abbe-41665252e544', '2014-09-20', '1972-09-16', '449');
INSERT INTO `datphong` (`maks`, `makhach`, `ngaynhan`, `ngaytra`, `sop`) VALUES ('fbcf6bd4-114d-37a2-aca6-d69b486a6aaf', 'fb3f474f-19e4-323f-a571-6bb160bd96db', '1970-01-08', '2011-06-07', '458');
INSERT INTO `datphong` (`maks`, `makhach`, `ngaynhan`, `ngaytra`, `sop`) VALUES ('fbcf6bd4-114d-37a2-aca6-d69b486a6aaf', 'fb3f474f-19e4-323f-a571-6bb160bd96db', '1976-04-07', '1997-01-31', '336');
INSERT INTO `datphong` (`maks`, `makhach`, `ngaynhan`, `ngaytra`, `sop`) VALUES ('fbcf6bd4-114d-37a2-aca6-d69b486a6aaf', 'fb3f474f-19e4-323f-a571-6bb160bd96db', '1976-10-19', '2001-04-13', '354');
INSERT INTO `datphong` (`maks`, `makhach`, `ngaynhan`, `ngaytra`, `sop`) VALUES ('fbcf6bd4-114d-37a2-aca6-d69b486a6aaf', 'fb3f474f-19e4-323f-a571-6bb160bd96db', '1977-07-02', '2016-10-27', '418');
INSERT INTO `datphong` (`maks`, `makhach`, `ngaynhan`, `ngaytra`, `sop`) VALUES ('fbcf6bd4-114d-37a2-aca6-d69b486a6aaf', 'fb3f474f-19e4-323f-a571-6bb160bd96db', '1984-10-19', '2019-12-31', '454');
INSERT INTO `datphong` (`maks`, `makhach`, `ngaynhan`, `ngaytra`, `sop`) VALUES ('fbcf6bd4-114d-37a2-aca6-d69b486a6aaf', 'fb3f474f-19e4-323f-a571-6bb160bd96db', '1986-11-17', '2015-05-13', '325');
INSERT INTO `datphong` (`maks`, `makhach`, `ngaynhan`, `ngaytra`, `sop`) VALUES ('fbcf6bd4-114d-37a2-aca6-d69b486a6aaf', 'fb3f474f-19e4-323f-a571-6bb160bd96db', '1987-07-31', '1996-09-22', '329');
INSERT INTO `datphong` (`maks`, `makhach`, `ngaynhan`, `ngaytra`, `sop`) VALUES ('fbcf6bd4-114d-37a2-aca6-d69b486a6aaf', 'fb3f474f-19e4-323f-a571-6bb160bd96db', '1991-08-12', '2010-03-12', '391');
INSERT INTO `datphong` (`maks`, `makhach`, `ngaynhan`, `ngaytra`, `sop`) VALUES ('fbcf6bd4-114d-37a2-aca6-d69b486a6aaf', 'fb3f474f-19e4-323f-a571-6bb160bd96db', '2004-02-18', '1996-04-02', '471');
INSERT INTO `datphong` (`maks`, `makhach`, `ngaynhan`, `ngaytra`, `sop`) VALUES ('fbcf6bd4-114d-37a2-aca6-d69b486a6aaf', 'fb3f474f-19e4-323f-a571-6bb160bd96db', '2011-02-15', '1991-05-22', '439');
INSERT INTO `datphong` (`maks`, `makhach`, `ngaynhan`, `ngaytra`, `sop`) VALUES ('feff5e06-2abe-3279-883b-e45464b48d5a', 'ffab6be0-ae15-3c3c-8a7e-2d7e99d2f643', '1970-07-01', '1975-04-16', '403');
INSERT INTO `datphong` (`maks`, `makhach`, `ngaynhan`, `ngaytra`, `sop`) VALUES ('feff5e06-2abe-3279-883b-e45464b48d5a', 'ffab6be0-ae15-3c3c-8a7e-2d7e99d2f643', '1974-04-12', '1975-03-29', '300');
INSERT INTO `datphong` (`maks`, `makhach`, `ngaynhan`, `ngaytra`, `sop`) VALUES ('feff5e06-2abe-3279-883b-e45464b48d5a', 'ffab6be0-ae15-3c3c-8a7e-2d7e99d2f643', '1974-08-04', '2019-03-26', '428');
INSERT INTO `datphong` (`maks`, `makhach`, `ngaynhan`, `ngaytra`, `sop`) VALUES ('feff5e06-2abe-3279-883b-e45464b48d5a', 'ffab6be0-ae15-3c3c-8a7e-2d7e99d2f643', '1979-01-26', '2019-12-19', '478');
INSERT INTO `datphong` (`maks`, `makhach`, `ngaynhan`, `ngaytra`, `sop`) VALUES ('feff5e06-2abe-3279-883b-e45464b48d5a', 'ffab6be0-ae15-3c3c-8a7e-2d7e99d2f643', '1984-02-23', '2013-01-10', '473');
INSERT INTO `datphong` (`maks`, `makhach`, `ngaynhan`, `ngaytra`, `sop`) VALUES ('feff5e06-2abe-3279-883b-e45464b48d5a', 'ffab6be0-ae15-3c3c-8a7e-2d7e99d2f643', '1987-09-02', '1992-06-04', '436');
INSERT INTO `datphong` (`maks`, `makhach`, `ngaynhan`, `ngaytra`, `sop`) VALUES ('feff5e06-2abe-3279-883b-e45464b48d5a', 'ffab6be0-ae15-3c3c-8a7e-2d7e99d2f643', '1987-12-08', '1985-06-04', '397');
INSERT INTO `datphong` (`maks`, `makhach`, `ngaynhan`, `ngaytra`, `sop`) VALUES ('feff5e06-2abe-3279-883b-e45464b48d5a', 'ffab6be0-ae15-3c3c-8a7e-2d7e99d2f643', '1996-09-23', '1983-08-18', '426');
INSERT INTO `datphong` (`maks`, `makhach`, `ngaynhan`, `ngaytra`, `sop`) VALUES ('feff5e06-2abe-3279-883b-e45464b48d5a', 'ffab6be0-ae15-3c3c-8a7e-2d7e99d2f643', '1998-07-27', '1987-01-19', '327');
INSERT INTO `datphong` (`maks`, `makhach`, `ngaynhan`, `ngaytra`, `sop`) VALUES ('feff5e06-2abe-3279-883b-e45464b48d5a', 'ffab6be0-ae15-3c3c-8a7e-2d7e99d2f643', '2014-02-19', '2011-09-25', '406');

DELETE t1 FROM datphong t1
INNER JOIN datphong t2 
WHERE 
    t1.makhach = t2.makhach
and t1.ngaytra < t2.ngaytra;
		
SET FOREIGN_KEY_CHECKS = 1; 